-- MariaDB dump 10.19  Distrib 10.10.3-MariaDB, for Linux (x86_64)
--
-- Host: localhost    Database: TopLid
-- ------------------------------------------------------
-- Server version	10.10.3-MariaDB

/*!40101 SET @OLD_CHARACTER_SET_CLIENT=@@CHARACTER_SET_CLIENT */;
/*!40101 SET @OLD_CHARACTER_SET_RESULTS=@@CHARACTER_SET_RESULTS */;
/*!40101 SET @OLD_COLLATION_CONNECTION=@@COLLATION_CONNECTION */;
/*!40101 SET NAMES utf8mb4 */;
/*!40103 SET @OLD_TIME_ZONE=@@TIME_ZONE */;
/*!40103 SET TIME_ZONE='+00:00' */;
/*!40014 SET @OLD_UNIQUE_CHECKS=@@UNIQUE_CHECKS, UNIQUE_CHECKS=0 */;
/*!40014 SET @OLD_FOREIGN_KEY_CHECKS=@@FOREIGN_KEY_CHECKS, FOREIGN_KEY_CHECKS=0 */;
/*!40101 SET @OLD_SQL_MODE=@@SQL_MODE, SQL_MODE='NO_AUTO_VALUE_ON_ZERO' */;
/*!40111 SET @OLD_SQL_NOTES=@@SQL_NOTES, SQL_NOTES=0 */;

--
-- Table structure for table `admins`
--

DROP TABLE IF EXISTS `admins`;
/*!40101 SET @saved_cs_client     = @@character_set_client */;
/*!40101 SET character_set_client = utf8 */;
CREATE TABLE `admins` (
  `id` int(11) NOT NULL AUTO_INCREMENT,
  `username` varchar(512) NOT NULL,
  PRIMARY KEY (`id`),
  UNIQUE KEY `username` (`username`)
) ENGINE=InnoDB AUTO_INCREMENT=10 DEFAULT CHARSET=utf8mb4 COLLATE=utf8mb4_unicode_ci;
/*!40101 SET character_set_client = @saved_cs_client */;

--
-- Dumping data for table `admins`
--

LOCK TABLES `admins` WRITE;
/*!40000 ALTER TABLE `admins` DISABLE KEYS */;
INSERT INTO `admins` VALUES
(8,'/admin'),
(1,'fugguri'),
(9,'kanafeevildar'),
(2,'Son2421'),
(4,'Назад');
/*!40000 ALTER TABLE `admins` ENABLE KEYS */;
UNLOCK TABLES;

--
-- Table structure for table `chats`
--

DROP TABLE IF EXISTS `chats`;
/*!40101 SET @saved_cs_client     = @@character_set_client */;
/*!40101 SET character_set_client = utf8 */;
CREATE TABLE `chats` (
  `id` int(11) NOT NULL AUTO_INCREMENT,
  `chat` varchar(512) NOT NULL,
  `chat_num` int(11) DEFAULT NULL,
  `chat_title` text DEFAULT NULL,
  PRIMARY KEY (`id`),
  UNIQUE KEY `chat` (`chat`)
) ENGINE=InnoDB AUTO_INCREMENT=2098 DEFAULT CHARSET=utf8mb4 COLLATE=utf8mb4_unicode_ci;
/*!40101 SET character_set_client = @saved_cs_client */;

--
-- Dumping data for table `chats`
--

LOCK TABLES `chats` WRITE;
/*!40000 ALTER TABLE `chats` DISABLE KEYS */;
INSERT INTO `chats` VALUES
(1,'AboutBusinessnews',1726215181,'ПроБизнесНовости'),
(90,'kommercheskay',1712116640,'Коммерческая Недвижимость | Москва бизнес'),
(119,'kvartiryvmoskve',1607483225,'Продажа недвижимости — Москва'),
(166,'travlmechat',1588466758,'TravelMe | Недвижимость Москва и Санкт-Петербург'),
(179,'novosib_ndv',1685018906,'Недвижимость Новосибирска'),
(195,'Posredniki_Rus',1208767045,'БИЗНЕС ЧАТ | Предприниматели'),
(224,'freelead',1428955589,'БИЗНЕС ЧАТ | ПРЕДПРИНИМАТЕЛИ🤝'),
(291,'biznes_chat',1371121321,'БИЗНЕС-ЧАТ № 1 | Предприниматели'),
(359,'bk_kit',1235644054,'Бизнес-сообщество \"КИТ\"'),
(389,'seniorsql',1468396285,'Senior SQL Developer'),
(588,'forumdubai',1690810154,'ДубайЧё Чат • Жизнь в Дубае • Общение • Переезд'),
(787,'rent_in_dubai',1144748083,'Аренда Дубай: сдам/сниму'),
(844,'Fugguri_test',1845240182,'Tecтовая группа'),
(880,'frilancru',1289147868,'ФРИЛАНС ЧАТ | ФРИЛАНС БИРЖА'),
(917,'pybotg',1565231422,'Python Telegram Bot'),
(929,'UAE_chat',1480867611,'РУССКОЯЗЫЧНЫЕ В ОАЭ | ДУБАЙ ЧАТ'),
(930,'biznesuae',1282199221,'№1 Бизнес чат Дубай / Мероприятия, нетворкинг, общение и реклама в ОАЭ.'),
(935,'moscoworkk',1712857891,'РАБОТА и УСЛУГИ'),
(937,'exchange_reklama',1341594690,'Реклама | Биржа'),
(938,'adm_telegram',1403878209,'Реклама | Админы Телеграм'),
(939,'tgm_adm',1444874452,'Админы Телеграм | Реклама'),
(940,'tgm_trade',1434229785,'Реклама в Телеграм'),
(941,'python_job_board',1627075588,'Python Jobs | Работа | Вакансии | Удалёнка'),
(947,'got_ball',1673571257,'Взял Мяч'),
(948,'russkie_v_oae',1774160604,'Русские в ОАЭ'),
(950,'bizneschat_spb',1394279557,'Предприниматели Питера. Спб.'),
(951,'dubaybusiness',1632243429,'Бизнес чат в Дубае | Business chat in Dubai'),
(966,'\njob_in_dubai',1122708483,'Работа в Дубае (вакансии!)'),
(971,'\ndubaipaa',1449717059,'𝘿𝙪𝙗𝙖𝙞 𝙋𝙖𝙧𝙖𝙙𝙞𝙨𝙚 🖤 Чат Дубай'),
(982,'wheeloflifebalance',1591506631,'Wheel OF Life Balance Marathon'),
(992,'russiandxb',1522311586,'Русский Чат | Дубай | ОАЭ 🇦🇪'),
(994,'viza_dubai',1649903899,'Визы | ВНЖ | Дубай🇦🇪'),
(996,'apple_moskva',1202893205,'APPLE МОСКВА'),
(998,'Dubai_hous',1681986161,'ДУБАЙ | Недвижимость'),
(1000,'estate_oae',1500584918,'Недвижимость Дубай | Dubai estate 🏡'),
(1004,'dubaiapartments2022',1866833960,'Аренда жилья в Дубае | сдам | сниму'),
(1006,'renting_dubai',1820540275,'Дубай АРЕНДА: Сдам Сниму 🇦🇪'),
(1008,'Dubai_Calls_chat',1729064713,'Dubai Whales Chat 🇦🇪🚀🚀'),
(1043,'uFgI0_AlCs03MWM6',1593537014,'ПОКУПКА МЦА [SQD]'),
(1063,'beauty_masters_dubai',1654836276,'Бьюти Мастера Дубай | Каталог. Проверенные услуги и сервисы красоты ОАЭ. Поиск по процедурам. Beauty Masters Services Dubai UAE'),
(1064,'beauty_salons_uae',1880156034,'Услуги Салонов Красоты🇦🇪Реклама-Вакансии. Салоны и бьюти мастера в Дубай-ОАЭ. Beauty Services Dubai'),
(1069,'turkey_antalya_07',1881090983,'🇹🇷Анталия|Турция|Работа|Знакомства|Досуг|Деньги|Услуги|Недвижимость|'),
(1070,'mossdelka',1169171906,'МОСКОВСКИЕ СДЕЛКИ чат №1 недвижимость бизнес'),
(1071,'Cyprus_Prop',1459219615,'CypRus Недвижка'),
(1072,'stambyl_arenda',1355779330,'💤 СТАМБУЛ | жильё аренда недвижимость'),
(1073,'arendabatumi',1280719630,'💤 БАТУМИ | аренда жильё недвижимость сдам сниму'),
(1074,'saleme_realty',1511797057,'Черногория 🇲🇪| Недвижимость | Аренда | Продажа'),
(1075,'domvkoree',1493916647,'ДОМ. Вся Корея'),
(1076,'stroiteli_moskva',1162169448,'Строительство Москва Чат N1'),
(1077,'alaniya_arenda',1267939688,'💤 АЛАНЬЯ Махмутлар | жильё аренда недвижимость'),
(1078,'tele_360chat',1422160589,'Телеграм чаты | 360°'),
(1079,'chernogoria_realty',1205591080,'🏠 ЧЕРНОГОРИЯ | Аренда и продажа недвижимости'),
(1080,'mytbilisi_apartments',1696068385,'Квартиры Тбилиси 🏡 My Tbilisi Apartments | Недвижимость жилье аренда продажа Грузия'),
(1081,'VKrymuNedvizhimost',1191691069,'Крым недвижимость Симферополь Севастополь Ялта Евпатория Алушта Судак Коктебель Джанкой Феодосия Новый Свет Керчь Симеиз Алупка'),
(1082,'mersin_360',1751518460,'МЕРСИН | объявления барахолка.'),
(1083,'chermacchat',1282483009,'Первый федеральный чат недвижимости'),
(1084,'stroitelstvopiter',1605797167,'Строительство СПБ Чат №1'),
(1085,'relocation_dubai',1621470022,'Релокация в ОАЭ 🇦🇪'),
(1086,'Shri_Lanka_rent',1598711257,'Sri Lanka 🇱🇰 Аренда'),
(1087,'alanya_chat',1311874456,'Алания чат / Общение, объявления / Alanya chat'),
(1088,'Shri_Lanka_Tranfer',1596046807,'Sri Lanka 🇱🇰 Трансфер Попутчики'),
(1089,'StroitelstvoKrasnoyarsk',1227533688,'Строительство Красноярск Чат №1'),
(1090,'kazarenda',1319757351,'Казань Квартиры Аренда/Продажа'),
(1092,'moskvartira',1473698830,'КВАРТИРЫ МОСКВЫ'),
(1093,'postroim_svoi_dom_chat',1412368671,'Построим свой дом - чат'),
(1094,'rabota0404',1207342824,'Ремонт квартир, разнорабочие. Москва и МО'),
(1097,'SamostroiChat',1375037627,'СтройСам Чат'),
(1098,'stroitely_top',1353534404,'Строители Москвы. Чат'),
(1099,'zemelnye',1319994718,'Инвестиции в недвижимость ЮГА | Сочи'),
(1101,'stroiteli_vse_RF',1213286153,'Строители РФ. Чат.'),
(1102,'stroykaremont52',1344188060,'Стройка Ремонт Нижний Новгород Чат'),
(1103,'mesto_dlya_zhuzni',1655426488,'Место для жизни'),
(1108,'Kommerch',1386956438,'КОММЕРЧЕСКАЯ🏠 НЕДВИЖИМОСТЬ В МОСКВЕ и СПБ'),
(1110,'kv_v_minske',1331623578,'Сниму/сдам квартиру/комнату в Минске'),
(1111,'Stroitelstvo_all',1343174374,'СТРОИТЕЛЬСТВО Москва -Санкт-Петербург СНГ/DEVELOPMENT'),
(1112,'nsknedvizhka',1545213992,'Недвижимость Новосибирска'),
(1113,'dubaipaa',1449717059,'𝘿𝙪𝙗𝙖𝙞 𝙋𝙖𝙧𝙖𝙙𝙞𝙨𝙚 🖤 Чат Дубай'),
(1114,'chatdubai_OAE',1559738798,'ЧАТ🇦🇪ДУБАЙ |ОАЭ'),
(1115,'Dubaichat_ru',1426198525,'Дубай Чат 🇦🇪 Агрегатор'),
(1116,'LIFE_inDUBAI',1754415097,'LIFE | DUBAI 🕌 ЧАТ'),
(1117,'Dubai_Busines',1190897187,'ДУБАЙ | БИЗНЕС | ОАЭ'),
(1118,'vDubai_rus',1641031489,'в Дубае! Дубай чат, ОАЭ форум'),
(1119,'vopros_otvet_dubai',1143163901,'Дубай: вопрос/ответ'),
(1150,'realtorussia',1152212286,'Риэлторы России'),
(1163,'dubai_chatt',1863180912,'Дубай Чат ОАЭ 🇦🇪/ DUBAI Chat UAE 🇦🇪'),
(1164,'Dubai_chat',1302489200,'НАШИ В ОАЭ | ДУБАЙ ЧАТ 🇦🇪'),
(1166,'DubaiChatik',1159800797,'Дубай чатик 🇦🇪 | CHATIK'),
(1167,'ruchatdubai',1302396975,'РУССКИЕ В ДУБАЕ. ЧАТ ДУБАЙ'),
(1168,'DubaiRuBay',1729824932,'Русский DUBAI 🇦🇪 Чат, Вопрос/Ответ, Куплю/Продам, Обсуждения, Новости'),
(1169,'Dubai_informator',1809973885,'ДУБАЙ | INFO'),
(1170,'coworking_in_dubai',1564160336,'Деловой Дубай | Бизнес нетворкинг'),
(1171,'tvoidubai',1706983582,'Твой Дубай'),
(1172,'dubai_profi',1222252807,'СПЕЦИАЛИСТЫ Дубай🇦🇪 Профи'),
(1173,'dubai_svoi',1665526989,'СВОИ В ДУБАЕ 🇦🇪'),
(1174,'ryska_Dubai',1550841311,'в Дубае📢Чат Дубай📫ОАЭ🏖Visit Dubai✈'),
(1175,'MSKDOM24',1608191907,'🇷🇺Москва - Эмираты, Дубай ОАЭ🚀, обмен валюты, форум, чат, сообщество ru/eu/us.'),
(1176,'dubaiskyi_dvij',1890121105,'Дубайский Движ / Нетворк и мероприятия'),
(1177,'dubai_diamond',1708645322,'𝐃𝐮𝐛𝐚𝐢 𝐃𝐢𝐚𝐦𝐨𝐧𝐝 💎 Дубай чат'),
(1178,'russians_in_dubaii',1628436887,'Русские в Дубае | ОАЭ 🇷🇺🇦🇪'),
(1179,'UAE_Go',1634544111,'ОАЭ | GO'),
(1180,'vdeledubai',1695266754,'Жизнь и Бизнес в Дубай'),
(1181,'dubai_russo',1672637846,'Русские в Дубае | Dubai'),
(1182,'networkers_dubai',1547284677,'Дубай Нетворкинг'),
(1183,'russkie_v_dubae_choogl',1298845214,'Русские в Дубае☝️'),
(1185,'dubaipartnersbook',1446576491,'Dubai Partnersbook Мероприятия'),
(1186,'uae_lawyer',1530173784,'Lawyer_UAE / Юрист ОАЭ'),
(1187,'dubai_granitsa',1562330741,'ОАЭ Эмираты Чат'),
(1188,'tutdubai',1611947303,'Дубай | ОАЭ 🇦🇪 | ЧАТ: НЕДВИЖИМОСТЬ'),
(1189,'uaechatt',1663871206,'ОАЭ чат'),
(1190,'Russo_Dubai_chat',1671964194,'Чат Дубай! Russo turisto...'),
(1191,'BusinessDXB1',1732542805,'Business Dubai 🇦🇪 wholesale, partnerships, deals'),
(1192,'uae_chat_rus',1538081029,'Релокация в ОАЭ 🇦🇪 🏙'),
(1193,'chatrussianemirates',1530210948,'Чат Русские Эмираты'),
(1194,'hhjij8',1797486026,'ДУБАЙ / Деловые знакомства'),
(1195,'Dubai_Go_Travel',1693339888,'ДУБАЙ | ЧАТ'),
(1196,'dubaimastermind500',1749764923,'Нетворкинг | Дубай | Бизнес Разборы | Мастермайнд'),
(1197,'business_monopoly_dubai',1589321184,'Business Monopoly Dubai Chat'),
(1198,'dubai_expats',1314765817,'Дубай чат | экспаты ОАЭ'),
(1199,'chat_dubai_emirates',1684475389,'Обьявления дубай, работа, куплю, продам, найму, ищу…'),
(1200,'DubaiBaraholaka',1569452735,'Дубай Абу-Даби Общение - Объявления'),
(1201,'business_dubai_uae',1807608187,'Бизнес Дубай • Предприниматели ОАЭ, поставщики, производители, продавцы, нетворкинг, деловые связи, инвестиции'),
(1202,'DXBnetworking',1697190416,'Dubai | Networking'),
(1203,'DubaiInvestments_26',1387934757,'Дубай. Инвестиции'),
(1204,'autodubaigroup',1545737583,'Авто Dubai 🚘🇦🇪 обсуждаем |права|аренда| и т.д'),
(1205,'emirates_woman',1276542342,'Дубай чат ОАЭ | WomanChat'),
(1206,'saudovskaya_araviya',1131248557,'🇸🇦 Саудовская Аравия чат'),
(1207,'Dubai7799',1858628876,'Понаехали in Dubai🇦🇪'),
(1208,'mycityisdubai',1564528745,'ДУБАЙ 🕌'),
(1209,'womanDubai',1510963301,'🇦🇪 ЖЕНСКИЙ ЧАТ ОАЭ | ДУБАЙ'),
(1210,'kudadubaichat',1754213554,'Куда Дубай (чат)'),
(1211,'dubai_tysa',1456364861,'🐾 ДУБАЙ | отдых, попутчики, знакомства'),
(1212,'chatoae',1730605246,'ДУБАЙ | чат - форум ОАЭ - СНГ'),
(1213,'rcDUBAI_2022',1296721502,'Наши в DUBAI ОАЭ 2023'),
(1214,'uae_ad',1373203400,'ОАЭ-Объявления 🇦🇪 UAE-AD'),
(1215,'forumUAE',1899479152,'Объявления Дубай 🇦🇪 DUBAI'),
(1216,'dubay4ik',1105039822,'Дубай Чат, ОАЭ Чат'),
(1217,'oae_topchat',1155510299,'ОАЭ. Чат'),
(1218,'creativedubai',1649710967,'КРЕАТИВ туса / АФИША МЕРОПРИЯТИЯ / Дубай ОАЭ ЭМИРАТЫ'),
(1219,'kyrgysz_in_dubai',1780902433,'Кыргызы в Дубае | Дубайдагы кыргыздар'),
(1220,'zhenskiy_dubai',1758929156,'🇦🇪 Дубай Женский чат | ОАЭ'),
(1221,'OBRATNOV_UAE',1459150127,'ХОТИМОБРАТНО В ОАЭ.Chat.'),
(1222,'OAE_dubaimoney',1793386771,'Обмен валют Дубай | Dubai'),
(1223,'sharjashat',1694831246,'Шарджа Чат|Русские в Эмиратах'),
(1224,'lifeinksa',1742319380,'Саудовская Аравия ЧАТ 💬'),
(1225,'infadubai',1720029343,'ИНФА Дубай'),
(1226,'Kazakhstan_dubai_uae',1848041459,'КАЗАХИ В ОАЭ 🇦🇪 Казахстан в Дубае | Форум - Чат'),
(1227,'Russia_Emirates',1555759184,'Русские | ОАЭ | Дубай'),
(1228,'davayvdubai',1899228252,'Чат🇦🇪Мама я в Дубае'),
(1229,'dubai_uae_chat',1514091674,'Дубай и другие Эмираты ОАЭ🇦🇪'),
(1230,'Life_in_Dubai_TM',1565416878,'Жизнь в Дубае, ОАЭ 🇦🇪 (чат, общение, родители, мамы, папы, дети, семья, переезд, работа, услуги, Иммиграция,)'),
(1231,'abudabi_chat',1654978529,'Абу-Даби чат | ОАЭ'),
(1238,'DubaiVChate',1685023910,'🇦🇪 Дубай ВЧате'),
(1243,'AbuDhabiChatik',1475640841,'Абу-Даби чатик 🇦🇪 | CHATIK'),
(1250,'dubai_rus',1478701867,'Дубай на русском | ОАЭ Russian in Dubai Чат'),
(1255,'obnovleniedubai',1519008460,'#ObnovlenieDubai: fashion-festival'),
(1260,'dubai_chat2',1771372155,'Дубай чат | ОАЭ'),
(1264,'dubai_topchat',1880416974,'Дубай. Чат'),
(1265,'dubai_oae_expats',1786914489,'🇦🇪 ЧАТ ДУБАЙ / ЭКСПАТЫ ОАЭ'),
(1266,'dybaigo',1727373033,'ДУБАЙ | Go'),
(1268,'livingindubai',1434791089,'ДУБАЙ ЧАТ (2020)'),
(1269,'dubai_rus_chat',1707521800,'Дубай Чат Вопрос-Ответ🇦🇪! ВНЖ! Услуги, знакомства!'),
(1270,'dubai_chat_oae',1674303384,'Чат ДУБАЙ'),
(1276,'predprinimateli_msk',1241566769,'Предприниматели Москвы. Мск.'),
(1277,'predprinimateli_rus',1350483767,'Предприниматели России. Бизнес-чат'),
(1278,'predprinimateli_kzn',1399045152,'Предприниматели Казани и Татарстана. Бизнес-чат'),
(1279,'net_workchat',1664792639,'Нетворкинг-чат | Клуб инвестиционного нетворкинга.'),
(1280,'aboutinvestment',1233168258,'Клуб Инвестиционного Нетворкинга,'),
(1281,'ipeople_club',1404186879,'INVESTPEOPLE Открытый чат для гостей клуба РФ.'),
(1284,'Real_Life_UAE',1250695910,'Реальная жизнь в ОАЭ'),
(1285,'ustupkaspb',1684905954,'Переуступки новостройки СПБ'),
(1290,'oae_arenda',1169825982,'💤 ОАЭ недвижимость | жильё в Дубае'),
(1291,'Roomy_Dubai',1523841615,'Roomy Dubai - аренда студии, квартиры, комнат и койко-мест, снять и сдать Дубай.'),
(1294,'chatrudubai',1871552086,'Dubai'),
(1295,'uae_talk_Dubai',1190532643,'Русскоязычные в ОАЭ 🇦🇪'),
(1306,'chat_dubai',1708076550,'Русские в Дубае 🇦🇪'),
(1313,'ozon_pro',1476588544,'PRO Ozon'),
(1314,'biznes_chat2',1689590275,'Бизнес Чат | Предприниматели'),
(1317,'chinaforbiz',1667911979,'CFB🇨🇳 Доставка из Китая | Карго | Alipay | 1688 | Таобао'),
(1318,'marketplace_sellers_chat',1555069454,'Marketplace Поставщики'),
(1319,'Wizardia',1529379466,'Wizardia'),
(1320,'BiznesKontakti',1393051235,'Предприниматели👥Не ешьте один!'),
(1321,'wbestchat',1597986462,'WB лучшие поставщики'),
(1322,'eacportal_sertification',1544915848,'Сертификация для маркетплейсов.Складчина.Торговая марка. Честный знак. Документы Wildberries OZON Каспий, декларации,сертификаты'),
(1323,'pro_busnes',1670368395,'По делу | Бизнес-журнал'),
(1324,'MPHelp_CLUB',1663046646,'Сервисы аналитики MPHelp CLUB'),
(1325,'Sertifikati1613',1619366351,'СЕРТИФИКАТЫ для Маркетплейсов'),
(1326,'wildberries_community',1571738379,'Wildberries | Сообщество поставщиков'),
(1327,'ocenkanedvigimosti',1550680811,'Оценка недвижимости (Оценка квартир, домов, земельных участков, автомобилей, коммерческой недвижимости, оборудования)'),
(1328,'SellersHUBofficial',1726971674,'Хаб селлеров WB и Озон: учись, общайся, работай | SellersHUB'),
(1329,'wildb2022',1641240307,'WB | Выкупы'),
(1330,'reklama_bloggers_wb',1448748521,'🏆РЕКЛАМА WILDBERRIES'),
(1331,'marketplace_markirovka',1255611841,'Маркетплейсы&Марки&ВЭД'),
(1332,'chinaasia',1416636013,'Китай'),
(1333,'marketplace_chat_postavshikov',1654513414,'Маркетплейс•чат поставщиков•'),
(1334,'wildberriespostavshiki',1594936697,'WILDBERRIES Поставщики'),
(1335,'cert_mp',1212330951,'СЕРТИФИКАЦИЯ 📄 ЦЕНТР'),
(1336,'biznesmoskvanews',1674742194,'Бизнес Мероприятия Москва. Афиша и События'),
(1337,'actbiz',1467863524,'Фулфилмент ABC'),
(1338,'ru_marketplace',1415521854,'MPsolutions: Wildberries, Ozon, Yandex market.'),
(1339,'sertficat_chat',1229291108,'🔝Чат | СЕРТИФИКАТЫ | ДЕКЛАРАЦИИ | ОТКАЗНЫЕ ✉️Ozon - WB - ЯНДЕКС. Маркет'),
(1340,'PRkHIJYz3EUyMzky',1558435116,'Менеджеры для маркетплейсов'),
(1341,'mpgroup_docs',1451885824,'Сертификаты на товар для Wildberries, Ozon и др. Маркетплейсов | чат MP Group'),
(1342,'restodays',1584015504,'Рестораторы | Чат'),
(1343,'wbreklama161',1559820390,'WILDBERRIES РЕКЛАМА в Instagram, VK, Telegram'),
(1344,'chatwb_mp',1775117033,'wildberries •чат поставщиков WB•'),
(1345,'FirmConsulting',1176823806,'ФИРМЫ, НДС, КОНСАЛТИНГ'),
(1346,'fincomtech_24',1619081630,'ФинКомТех | Сообщество предпринимателей 💬'),
(1347,'chat_marketplace_YM',1172264645,'Чат партнёров Яндекс Маркета'),
(1348,'mpgroup_china',1404582940,'Доставка из Китая в РФ для Wildberries, Ozon | Чат MP Group'),
(1349,'wiq_official',1105182952,'WIQ.RU (Чат пользователей) 💰ЗАРАБОТОК💰'),
(1350,'mpgroup_fulfillment',1422161045,'Фулфилмент для WB, Ozon | FBS, FBO, mаркетплейсы, Wilbderries | MP Group'),
(1351,'content4marketplace',1159612916,'Чат Сборные Съёмки для Маркетплейсов Питер спб | Москва'),
(1352,'vezhlivayapomow',1765653952,'Вежливая Помощь Поставщикам👨‍💼👩‍💼OZON/WB'),
(1354,'moscow_barakholka',1827062884,'БАРАХОЛКА Москва и МО'),
(1355,'baraholkaMoskvaMO',1474473719,'БАРАХОЛКА МОСКВЫ И МО. УСЛУГИ. ОБЪЯВЛЕНИЯ🛍'),
(1356,'Avito_Moscow1',1726385746,'АВИТО - Южное Бутово | Барахолка | Москва | ЮЗАО'),
(1357,'baraxolka_97',1445645481,'БАРАХОЛКА МОСКВА 🎁'),
(1358,'baraholkamskchat',1643912350,'Барахолка Москва и МО'),
(1359,'namremont',1785517349,'РЕМОНТ | МОСКВА'),
(1361,'mama_mosk',1653830520,'Мамы Московского💋 @mm-mo'),
(1362,'ChatMoscowNews',1783609003,'Чат Москвы'),
(1363,'new_vostok',1570537673,'Восточный | Люди района'),
(1364,'new_ivanovskoe',1737294625,'Ивановское | Люди района'),
(1365,'new_izmaylovo',1230771767,'Измайлово | Люди района'),
(1366,'new_uhtomka_event',1280328978,'Косино-Ухтомский | Люди района'),
(1367,'new_metrogorodok',1793843693,'Метрогородок | Люди района'),
(1368,'novogireevo_events',1530727689,'Новогиреево | Люди района'),
(1369,'perovo_event',1572819243,'Перово | Люди района'),
(1370,'new_preobrajenka',1766175938,'Преображенское | Люди района'),
(1371,'new_sokolinaya_gora',1518419308,'Соколиная Гора | Люди района'),
(1372,'new_izmaylovo_sever',1761347945,'Северное Измайлово | Люди района'),
(1373,'moybasman',1556489778,'Басманный | Люди района'),
(1374,'moykrasnoselski',1551794919,'Красносельский | Люди района'),
(1375,'meshanski',1633020572,'Мещанский | Люди района'),
(1376,'moypresnenskiy',1765518212,'Пресненский | Люди района'),
(1377,'moytverskoy',1745727466,'Тверской | Люди района'),
(1378,'moihamovniki',1706033050,'Хамовники | Люди района'),
(1379,'newbegovoy',1594524125,'Беговой | Люди района'),
(1380,'newbeskudnikovo',1551149028,'Бескудниковский | Люди района'),
(1381,'new_voikovskiy',1631990882,'Войковский | Люди района'),
(1382,'new_vostochnoe_degunino',1583211553,'Восточное Дегунино | Люди района'),
(1383,'new_zapadnoe_degunino',1516302502,'Западное Дегунино | Люди района'),
(1384,'new_koptevo',1709630272,'Коптево | Люди района'),
(1385,'new_levoberejniy',1612221737,'Левобережный | Люди района'),
(1386,'new_moljaninovskiy',1559929467,'Молжаниновский | Люди района'),
(1387,'newsavelovskiy',1370376124,'Савеловский | Люди района'),
(1388,'new_sokol',1559634471,'Сокол | Люди района'),
(1389,'new_hovrino',1681029444,'Ховрино | Люди района'),
(1390,'newhoroshevskiy',1501430154,'Хорошёвский | Люди района'),
(1391,'shabashkaMoscow2023',1662495652,'Москва | Общение | Россия |Удалённая работа | Шабашка | Работа'),
(1395,'moscowmapchat',1079751651,'Москвичи (чат)'),
(1398,'moscow_tmc',1640605056,'️️🏙 Москва чат • Moscow chat • Сообщество Группа • Community Group'),
(1399,'vakansii_besplatno',1365744314,'ЧАТ|РАБОТА|МОСКВА'),
(1400,'uvao_mosk',1153518146,'ЮВАО чат'),
(1401,'chat_vao',1747351227,'Чат ВАО г. Москва'),
(1402,'markettvmoscva',1798099506,'Маркет Москва'),
(1403,'svetakvartira3',1765082011,'РЕКЛАМА❤️ОБЪЯВЛЕНИЯ❤️ПИАР ❤️ Бизнес Чат РОССИЯ МОСКВА, КРАСНОДАР И ВСЕ, ВСЕ, ВСЕ...'),
(1404,'tehnika_moskva',1328467079,'ТЕХНИКА МОСКВА'),
(1405,'krasota_moskva',1379086344,'КРАСОТА МОСКВА'),
(1406,'uslugi_moskvaa',1497366114,'УСЛУГИ МОСКВА'),
(1407,'krasnogorskchat',1429716151,'Главный чат Красногорска'),
(1408,'jk2119',1121458603,'ЖК Кварталы 21/19 :: чат жителей ::'),
(1409,'moskvauslugi',1682065092,'Москва Ремонт Стройка Электрик Сантехник Разное'),
(1410,'Moscowadsfree',1412590845,'Объявления Москва'),
(1416,'balichat',1032422089,'БалиЧат | Балифорум'),
(1417,'balichatik',1388027785,'Бали чатик 🏝 | CHATIK'),
(1418,'mybatumi_chat',1468418749,'БАТУМИ 《🇬🇪🦄》ЧАТ | Грузия'),
(1419,'granicaRF2DPR',1223001440,'Граница. ДНР-РО!!! Очереди на админгранице. ДНР-Россия!!!'),
(1420,'il259lpeTptiMzMy',1750772478,'Турция — релокация, ВНЖ, переезд. Чат TravelAsk'),
(1421,'OlimHadashim',1176292258,'🇮🇱 Новый Репатриант 🇮🇱 Репатриация в Израиль'),
(1422,'mytbilisi_chat',1321220273,'ТБИЛИСИ 🇬🇪 ЧАТ | Грузия'),
(1423,'mexusalegal',1719178898,'Mexico USA : Чат Мексика США'),
(1424,'teachBK',1435886881,'TeachBK Mexico USA❤️'),
(1425,'istanbul_ru',1438027837,'Стамбул чат'),
(1426,'phuket',1062109331,'Пхукет 🇹🇭'),
(1427,'r15hFvTaWhM5MDUy',1739226889,'Чат Погранконтроля'),
(1428,'antalya_chat',1459791697,'Анталья чат'),
(1429,'Phuketpa',1785646162,'Phuket Paradise ЧАТ ПХУКЕТ'),
(1430,'Shri_Lanka_RU',1503790351,'Шри-Ланка 🇱🇰 Sri Lanka'),
(1431,'SamuiGroup',1247910513,'САМУИ ЧАТ🌴(жители и отдыхающие)'),
(1433,'Dombay7',1475307974,'DOMBAY CHAT'),
(1434,'adaptaciyaUSA',1266485764,'Адаптация в США (Икебана Жизни)'),
(1435,'Los_Angeles_CA',1718963836,'Лос Анджелес | Los Angeles 🇺🇸'),
(1436,'MexicoToUSA',1565410190,'Иммиграция в США через Мексику самостоятельно'),
(1438,'balichat_ubud',1338231200,'БалиЧат Убуд | Балифорум'),
(1439,'bali_party',1337264149,'Тусовки на Бали 🏝 | CHATIK'),
(1440,'NhaTrangchat',1438396460,'НЯЧАНГ ЧАТ'),
(1441,'batumi_group',1490555280,'Батуми чат | Грузия'),
(1442,'baliwomens',1147950267,'Женский клуб на Бали 🏝 | CHATIK'),
(1443,'REALPHUKET',1360836469,'Пхукет / Чат [@REAL_PHUKET]'),
(1444,'balibutler',1234362871,'Bali Live 🌏 Чат Бали'),
(1445,'eventsbali',1481640229,'Мероприятия на Бали 🏝 | CHATIK'),
(1446,'RusArmenia',1446616598,'РУССКИЕ В АРМЕНИИ'),
(1447,'Argentina_ru',1517105270,'РУССКИЕ В АРГЕНТИНЕ 🇦🇷 ЧАТ | Аргентина - форум'),
(1448,'arhyz2022',1699834047,'АРХЫЗ ГОРНОЛЫЖНЫЙ КУРОРТ ❄️⛷🎿'),
(1449,'tbilisi_group',1174964383,'Тбилиси чат | Грузия'),
(1450,'forum_turkey',1266020743,'🇹🇷 Турция чат | форум'),
(1451,'kohphangan',1198527415,'Панган Ko-Phangan'),
(1452,'forum_georgia',1194150172,'🇬🇪 ГРУЗИЯ | Тбилиси Батуми'),
(1453,'krasnaya_polyana',1115100598,'💬 Краснополянский чат'),
(1454,'RussiansInGeorgia',1634423606,'🇬🇪 РУССКИЕ В ГРУЗИИ. ПОМОЩЬ'),
(1455,'forum_vietnam_rus',1091935901,'🇻🇳 Вьетнам чат'),
(1456,'relocationguidebig',1720303263,'гайд | чат'),
(1457,'samui_live',1300764832,'Жители Самуи'),
(1463,'auto_kp',1434975917,'🚘 БлаБлаКар (КП, Адлер, Сочи)'),
(1468,'vnzh_turtsia8',1591133468,'Анталия Стамбул | Легализация'),
(1481,'balichatmarket',1292776775,'БалиЧат Маркет-Барахолка | Балифорум'),
(1489,'gofortravel_chat',1410026220,'Виза в США (gofortravel.ru) - Chat'),
(1493,'argentina_forum',1391381712,'🇦🇷 Аргентина чат'),
(1500,'vlars_chat',1125365900,'ВЕРХНИЙ ЛАРС 🇬🇪 ЧАТ | ГРУЗИЯ'),
(1505,'forum_armenia',1256940925,'🇦🇲 Армения чат'),
(1508,'balichat_canggu',1341855810,'БалиЧат Чангу | Балифорум'),
(1509,'visadesp',1329407788,'Виза D Испания'),
(1510,'forum_cyprus',1481055633,'🇨🇾 Кипр чат'),
(1511,'Forum_Philippines',1268325864,'🇵🇭 ФИЛИППИНЫ | чат - форум'),
(1513,'perepravakerch1',1561492197,'Паромная переправа Керчь. Крымский Мост. Сухопутный путь в Крым.'),
(1515,'kophangan',1097989026,'Жители Пангана'),
(1516,'ivanovo_musofir_37',1183374351,'👌👌 ИВАНОВО МУСОФИР🤙🤙'),
(1517,'skipass_KP',1217556038,'СКИПАСС | СОЧИ | РОЗА ХУТОР'),
(1518,'poputchiki_usa',1419337872,'Попутчики в США'),
(1519,'alaniyalife',1605359823,'Чат Жизнь и работа в Алании (Аланья, Турция)'),
(1520,'fromBurtoMn',1725232971,'Монголия / Адаптация 03'),
(1521,'forum_usa',1216432594,'🇺🇲 США чат'),
(1522,'forum_thailand',1125201856,'🇹🇭 Таиланд форум'),
(1523,'balichat_woman',1135334175,'БалиЧат Woman | Балифорум'),
(1524,'NV6igjIXsMg1YTAy',1666677941,'Северный Кипр. Чат TravelAsk'),
(1525,'finland_ru',1490366675,'Финляндия на выходные'),
(1526,'Goa_uslugi',1343881566,'Частные услуги в Гоа'),
(1527,'phuket_talk',1231772809,'Пхукет Phuket чат'),
(1528,'oporaukarrivals',1245232116,'Opora: після прибуття до Великобританії'),
(1529,'izmirrelocation2022',1726964348,'Получение ВНЖ в Турции (Измир и др. города)'),
(1530,'forum_canada',1115562844,'🇨🇦 КАНАДА | чат - форум'),
(1532,'lankaru',1328936495,'Шри-Ланка 🌺 Sri Lanka'),
(1533,'forum_malaysia',1293242564,'🇲🇾 Малайзия чат'),
(1534,'VisaThailand',1497485979,'ТАИЛАНД ВИЗЫ'),
(1535,'nhatrang_forum',1414343992,'Нячанг чат | Вьетнам'),
(1536,'Shri_Lanka_bike',1375655680,'Авто/байки 🇱🇰 Sri Lanka'),
(1537,'atyraurus',1561273076,'Атырау. Помощь гражданам России.'),
(1538,'helpgeorgia2022',1452236047,'Взаимопомощь. Грузия.'),
(1539,'montenegro_chat',1294814808,'Черногория Чат🇲🇪 Montenegro'),
(1540,'goaPeople2019',1444382233,'Гоа People'),
(1542,'pro_visa',1432730382,'Про Визы'),
(1547,'konciergemarket',1733076235,'Консьерж Маркет Испания'),
(1549,'EduVKrym',1709496059,'Еду в Крым! ЧАТ - Граница, дорога, жилье, помощь'),
(1553,'srilanka_forum',1122616041,'Шри-Ланка'),
(1556,'from_ru_to',1477666083,'Выезд из России'),
(1563,'hostelmos',1457097207,'Хостел в Москве'),
(1564,'ecvaccination',1264082034,'Визы, выезд, вакцинация в условиях глобальных санкций'),
(1574,'boinng888',1579006126,'Работа в Москве. Кор дар Москва'),
(1576,'chatamerika',1484484215,'🔥BAZAR Наши в Штатах | ЧАТ USA🔥'),
(1577,'forum_uae',1302885233,'🇦🇪 ОАЭ чат'),
(1578,'migrant_rostov_rf',1673416841,'Беженцы ЛДНР в Ростове'),
(1580,'ANetworkSociety',1560676429,'Advengene Network Society - сетевое общество.'),
(1583,'club124',1475931443,'💃Куда пойдём? Клубы и заведения Красноярска!💃'),
(1584,'perevezite',1229919625,'Перевозки в Польшу'),
(1585,'alextour_agency',1330866190,'ГОРЯЩИЕ ТУРЫ | Новости туризма | Турагентство \"AlexTour\"'),
(1588,'from_ru_to_the_usa',1284614017,'Выезд из России в США'),
(1589,'balichatvisa',1340294649,'БалиЧат Виза | Балифорум'),
(1591,'forum_phuket',1273762042,'Пхукет чат'),
(1592,'cyprus_chat',1300977196,'Кипр чат'),
(1593,'publicgits_24',1519586647,'Глобальный Информационный Туристический Сервис'),
(1596,'via_gr_to_eur',1286925097,'В Европу через Грецию'),
(1597,'EASYBOOKING_RU',1526000064,'АВИАБИЛЕТЫ ПО ВСЕМ НАПРАВЛЕНИЯМ ОТ EASYBOOKING'),
(1599,'balipa',1311765596,'𝘽𝙖𝙡𝙞 𝙋𝙖𝙧𝙖𝙙𝙞𝙨𝙚🥛 / Чат Бали'),
(1600,'severnyy_kipr',1276483635,'Северный Кипр ЧАТ'),
(1603,'via_at_to_eur',1464315622,'В Европу через Австрию и Венгрию'),
(1605,'relocationguidekazakhstan',1553228613,'гайд ✈️ казахстан'),
(1608,'chatik_phuket',1381116990,'Мой Пхукет 🏝️🇹🇭'),
(1610,'poputchiki_europe',1487082004,'Выезд из России по земле - попутчики'),
(1611,'relocate_it',1767925637,'Релокейти 🌏 Чат о релокации'),
(1613,'rus_fin_border',1260584863,'🇫🇮🇷🇺 Граница Россия Финляндия'),
(1614,'cyvisaorg',1433629050,'Все про полеты на Кипр или с Кипра'),
(1615,'gruzia_tusa',1232342665,'ТБИЛИСИ | туса 🐾'),
(1616,'forum_india',1137759428,'🇮🇳 Индия чат'),
(1617,'kipr_arenda',1491897812,'💤 КИПР | жильё аренда недвижимость'),
(1619,'chatbooksshare',1784806507,'Chat Обмен книгами Красная поляна 📚'),
(1621,'Wildberries_glav',1511616984,'Главный чат Wildberries / Поставщики Wildberries'),
(1622,'wildberries_marketplace_help',1745039179,'Поставщики Wildberries'),
(1623,'wbofficialchat',1763373642,'Официальный чат Wildberries для продавцов'),
(1624,'catalog_business',1205394787,'Готовый бизнес. Инвестиции. Продажа и покупка бизнеса.'),
(1625,'wildberries_mplacechat',1691778009,'Wildberries | Чат поставщиков'),
(1626,'hour25chat',1168465547,'Чат предпринимателей | 25-й час | Бизнес'),
(1629,'msk_w_chat',1231771089,'Работа / Подработка Москва'),
(1630,'rabotamsk_24',1216706219,'Разнорабочие/грузчики Москва'),
(1631,'marketp_wildberries',1628933730,'Wildberries чат поставщиков'),
(1634,'marketplacechats',1786987387,'Маркетплейсы Поставщики'),
(1635,'wb_groupchat',1587203143,'Wildberries Поставщики'),
(1636,'TeamBlogBizChat',1124983531,'💥 Team-Blog.biz рефбек до 350% страховка до 100% 💥'),
(1637,'postavshiki_marketplace',1308157527,'Wildberries - Чат поставщиков'),
(1638,'advertise_cpa',1215669724,'Advertise | Ru'),
(1639,'siliconpravdachat',1363828315,'Silicon Pravda Chat'),
(1641,'marketplaces_chat',1544080229,'Маркетплейсы ЧАТ поставщиков'),
(1643,'wbsellersmp',1623372369,'WildBerries | Чат поставщиков'),
(1644,'moskvada_ishlar_1',1260224455,'Москва халтура'),
(1646,'MarketplacePost',1220337470,'Marketplace Post'),
(1647,'wildbox_news',1556984477,'Wildbox.News🔥'),
(1658,'new_izmaylovo_vostok',1720118509,'Восточное Измайлово | Люди района'),
(1668,'new_novokosino_events',1595899078,'Новокосино | Люди района'),
(1673,'moyarbat',1603515799,'Арбат | Люди района'),
(1680,'moyayakimanka',1799359432,'Якиманка | Люди района'),
(1685,'new_golovinskiy',1596079753,'Головинский | Люди района'),
(1692,'newtimiryazevskiy',1536054245,'Тимирязевский | Люди района'),
(1703,'moskovskiu4at',1333737082,'Чат Москвы'),
(1706,'investor_broker',1774401837,'Москва Инвесторы и риелторы'),
(1721,'homeindubai',1634992486,'Недвижимость в Дубай 🇦🇪 ОАЭ| Инвестиции, Покупка Homeindubai'),
(1724,'@wildberries_mplacechat',1691778009,'Wildberries | Чат поставщиков'),
(1725,'@postavshiki_marketplace',1308157527,'Wildberries - Чат поставщиков'),
(1728,'@wildberries_aidd',1646368753,'Wildberries ЧАТ поставщиков'),
(1729,'@tiwildberries',1727823405,'Поставщики Wildberries'),
(1730,'@marketp_wildberries',1628933730,'Wildberries чат поставщиков'),
(1731,'@wb_groupchat',1587203143,'Wildberries Поставщики'),
(1732,'@wildberriesmpchat',1794945093,'Wildberries | Чат поставщиков'),
(1733,'@wildberries_sadovody',1318707499,'Wildberries - Поставщики | Маркетплейсы | Список'),
(1753,'dubai_helps',1632040470,'Дубай🇦🇪Объявления'),
(1807,'dubai_bgchat',1813303517,'Чат Дубай 🇦🇪 | B-G'),
(1820,'zhizn_v_uae',1165220021,'Жизнь в ОАЭ'),
(1825,'obmen_Dubai11',1268649912,'Дубай / ОАЭ / СНГ/ Россия / Обмен / покупка / продажа / перестановка / перевод'),
(1832,'dubaibusinessinfo',1856951419,'Dubai info'),
(1837,'BIZDXB24',1870496534,'Бизнес Дубай - Чат.'),
(1840,'business_daddies_chat',1453519986,'Business Daddies Chat'),
(1874,'molodostdubai',1504650585,'Молодежь Дубая'),
(1875,'DubaiSP4',1524983463,'Дубай 🇦🇪 Самый Полезный Чат'),
(1898,'zkidkudrovo',1205773991,'ЖК Айди Кудрово | iD Kudrovo | СОСЕДИ'),
(1899,'ID_Park_Pobedy',1427563916,'ID Park Pobedy'),
(1900,'idmurino2',1329972162,'ЖК iD Мурино. 2 корпус'),
(1901,'idmurino',1457317552,'ЖК iD Мурино. Соседи'),
(1902,'iDMurinoll',1190323797,'ЖК ID Murino 2 чат дольщиков'),
(1903,'Gorodpervyh',1464947323,'ЖК ЦДС Город Первых / ЦДС Новосаратовка / Нева-сити'),
(1904,'therechka',1277652559,'Беседка | Черная Речка ЦДС'),
(1905,'zhkchernajarechka',1452451828,'ЖК Черная Речка | ЦДС | СОСЕДИ'),
(1907,'ZK_CDS_Chernaja_rechka_SOSEDI',1678325885,'Чёрная речка ЦДС 6, 7, 8 корпус | Дольщики'),
(1908,'TerraKomfort',1727925468,'ЖК Терра | Соседский Чат| Ремонт, комфорт , быт'),
(1909,'morskayamilya_sosedi',1831037983,'ЖК Морская Миля дольщики'),
(1910,'morskaya_milya',1622795828,'ЖК Морская миля от ЛСР. Недвижимость'),
(1911,'jk_civilizaciya_na_neve',1637363730,'Цивилизация На Неве | Соседи'),
(1912,'morskayanaberezhnaya',1374021799,'ЖК Морская набережная от ЛСР | Форум'),
(1913,'seaviewspb',1306112769,'Sea view морская набережная'),
(1914,'blackriverhouses_chat',1469137570,'ЖК Ривьер Нуар |ЧАТ| Riviere Noire'),
(1915,'spb_neva_haus',1873951547,'Нева Хаус | Neva Haus | Cоседи СПБ'),
(1916,'strizhi_nev',1324178292,'ЖК Стрижи в Невском и 2 | Все очереди |Основной'),
(1917,'chystoenebo12',1307886171,'ЖК \"Чистое небо\" 12 очередь. Арцеуловская 17'),
(1918,'chistoenebo11',1472690180,'ЖК Чистое небо | 11 очередь'),
(1919,'nebo10sosedi',1501655438,'10 очередь | ЖК Чистое небо'),
(1920,'jksenat_setl',1667937431,'ЖК Сенат от Setl Group'),
(1921,'pp_sosnovka',1343566341,'Питер | Собственники ЖК \"Панорама Парк Сосновка\" ☺️'),
(1922,'panoramaparksosnovka2',1851748509,'2я очередь ЖК \"Панорама парк Сосновка\", чат для будущих жильцов ЖК'),
(1923,'jk_terra',1370657005,'ЖК Терра | Terra | Закрытый чат соседей'),
(1927,'wbsellerofficial',1667289942,'WB Партнеры'),
(1930,'project_financier',1243830206,'Финансирование ♾️ проектов. Новые источники инвестиций!'),
(1931,'InvProjects',1690528285,'ИнвестПроекты 🚹'),
(1932,'odp2021',1113778769,'Общероссийское движение Предпринимателей'),
(1935,'rinochek105',1381250901,'Реклама (Куплю Продам ВП)'),
(1936,'onlayn_rabota',1446190046,'Работа ОНЛАЙН — ЧАТ'),
(1937,'freelance_vakansiii',1636921716,'Фриланс Чат | Вакансии'),
(1938,'ipomogator',1318197938,'ПОМОГАТОР - БИРЖА ФРИЛАНСА | ВАКАНСИИ | ПОРТФОЛИО | РЕЗЮМЕ'),
(1939,'freelancevacans',1771562820,'ФРИЛАНС•ВАКАНСИИ•ЗАКАЗЫ'),
(1940,'workk_onchat',1460940481,'WORK ON | ФРИЛАНС ЧАТ'),
(1941,'jobcht',1792803119,'JB | ФРИЛАНС - ЧАТ'),
(1942,'fromBerek',1169739873,'Чат : РЕКЛАМА У БЛОГЕРОВ. ОТЗЫВЫ, ОБСУЖДЕНИЯ'),
(1943,'cashbackWBOZ',1626450281,'Товары WB OZON выкупы бесплатно за отзыв Wildberries товарка даром взаимовыкупы cashback скидки акции маркетплейс кэшбэк ВБ'),
(1944,'piarrlok',1682207798,'пиар чат / ролок'),
(1945,'CHATI_PIAR',1222906260,'ПИАР ⚡️ ЧАТ ⚡️ ПОДПИСКА'),
(1946,'adskiy_google',1210019667,'ADSкий Google'),
(1947,'reklamaWildberries',1755223109,'Реклама WILDBERRIES|WB|ВАЙЛДБЕРИС|OZON'),
(1948,'piarchatVZC',1570548092,'Взаимопиар|Реклама|ВП'),
(1949,'SmmTopsChat',1414419628,'SMM Специалисты. Чат'),
(1950,'targetologkontekstolog',1274162295,'Контекстологи. Таргетологи. Чат'),
(1951,'arbitragetrafficchat',1604893580,'Арбитраж Трафика | Affiliate Marketing | Chat'),
(1952,'VzaimpodpiskaVtelege',1578818724,'Взаимная подписка / Взаимный пиар'),
(1953,'adbloggers',1270287578,'[ AB°] Реклама у Блогеров | Ad Bloggers | Отзывы'),
(1954,'otzovik_telega',1752150392,'ОТЗОВИК TELEGRAM'),
(1955,'PR_company22',1594122453,'Реклама товаров Wildberries|OZON у блогеров INST|VK|TG'),
(1956,'it_marketing_chat',1725460309,'IT Маркетологи 🎯'),
(1957,'VPTelegramVP',1721926776,'Взаимные Подписки'),
(1958,'Arbitraj_Group',1423930586,'Арбитраж 💸Группа'),
(1959,'AgroPromInform',1569179261,'АгроПромИнформ агробизнес сельское хозяйство фермер ферма семена трактор теплица молоко мясо рыба дача рассада зерновые садовод'),
(1960,'Rbinstagram',1489833603,'РЕКЛАМА У БЛОГЕРОВ'),
(1961,'kvosh_group',1308081581,'Владельцы онлайн-школ (Клуб КВОШ)'),
(1962,'evopiter',1706644436,'GoEvo Питер практикующий'),
(1963,'businessvstrechispb',1683817304,'Только по делу! Встречи предпринимателей Петербурга'),
(1964,'spbbizevent',1454673944,'Только по делу! Бизнес мероприятия СПб'),
(1965,'kuplyu_prodam_SPB',1865825684,'Куплю/Продам/Отдам СПБ'),
(1968,'spbbiz',1614469682,'Гостинная ПП | Питерские предприниматели'),
(1970,'t.me/netvorking_chat',1133315020,'Нетворкінг'),
(1972,'jobospherechat',1360151362,'JOBOSPHERE | ФРИЛАНС ЧАТ'),
(1974,'profiwork',1286840620,'ВАКАНСИИ ИНФОБИЗНЕС | ФРИЛАНС ИНСТАГРАМ'),
(1975,'proffreelancee_chat',1273061948,'НАСТОЯЩИЙ ФРИЛАНС ЧАТ №1'),
(1976,'udalenkachatt',1321187602,'ФРИЛАНС | ВАКАНСИИ INSTAGRAM'),
(1977,'Work_in_StPeterburg1900',1168914171,'Работа в Спб'),
(1978,'pomogator',1425875581,'Помогатор Фрилансеры'),
(1979,'freelance_birzha',1438298429,'ФРИЛАНС БИРЖА l ФРИЛАНС ЧАТ'),
(1980,'frilanc',1127950512,'Фриланс, удаленка, работа'),
(1981,'bizneschats',1263233484,'ФРИЛАНС | FREELANCE | ЧАТ'),
(1982,'vakansii_infobiz',1461732581,'Вакансии инфобиза от Ромы и не только'),
(1983,'RND_300',1213913397,'🛠RND ШАБАШКА от 300 🛠'),
(1984,'rabota_podrabotkaspb',1235714693,'Ищу работу! Работа ! Подработка Срочно! Вакансии СПб ! Питер !'),
(1985,'Robata777',1431048586,'Работа есть'),
(1986,'rabota_vpitere',1438892351,'РАБОТА В ПИТЕРЕ'),
(1987,'jir_chat',1499862807,'ЖИРНЫЙ ФРИЛАНС ЧАТ'),
(1988,'ydalenna',1247130548,'УДАЛЕНКА'),
(1989,'workyourass',1143617860,'Фриланс и Удалёнка'),
(1990,'Ishchu_Rabotu',1339705325,'Ищу Работу'),
(1991,'frilanstop',1156454223,'ФРИЛАНС чат | Удаленная работа'),
(1992,'@chatdubai_OAE',1559738798,'ЧАТ🇦🇪ДУБАЙ |ОАЭ'),
(1993,'@Dubai_chat',1302489200,'НАШИ В ОАЭ | ДУБАЙ ЧАТ 🇦🇪'),
(1994,'@ruchatdubai',1302396975,'РУССКИЕ В ДУБАЕ. ЧАТ ДУБАЙ'),
(1995,'@rus_dubai_rf',1558064333,'Dubai Чат 🇦🇪 (все СНГ)🔔'),
(2001,'thbrub',1196413687,'Обмен Валют 🇹🇭 Таиланд, Пхукет, Бангкок, Паттайя, Самуи, Панган, Пхи-Пхи, Чиангмай, Краби, Хуахин'),
(2002,'nedvizhka_Thailand',1253977394,'Недвижимость Таиланд'),
(2003,'thailand_russia_ru',1898268964,'Русские в Таиланде | Thailand'),
(2004,'imweek_club',1469962443,'Чат IMExpert - эксперты рассказывают об интернет маркетинге'),
(2005,'edmarketclubjob',1465321166,'EdMarket Club (вакансии)'),
(2006,'lessondeliverychat',1418880695,'LessonDelivery · Чат · Сообщество'),
(2007,'assistmoney',1241153118,'Секретный чат высокооплачиваемых ассистентов'),
(2008,'universus_job',1473829616,'UNIVERSUS (интернет-вакансии)'),
(2009,'jobkawork',1296270507,'Jobka: Работа - вакансии'),
(2010,'surovowork',1620869321,'Вакансии. Суровый Питерский SMM'),
(2011,'antonov_global',1766704296,'Зарубежные запуски| чат Антонова'),
(2012,'tinder_tm',1366779515,'Tinder — продюсер & эксперт'),
(2013,'XGja2Fn7lvg2MDEy',1804142135,'ЧАТ Питер Онлайн'),
(2014,'Komenda24_Chat',1414309627,'Коменда Чат'),
(2015,'piterchat',1045156887,'Питерчат'),
(2016,'work_saint_p',1453594849,'Работа тут! Санкт - Петербург, Питер халтура, СПб подработка,Крипта, Crypt, Реклама, Бизнес идеи, Business Saint-P💰'),
(2017,'ru_spb',1002537192,'Санкт-Петербург. ГалЧат. 24/7'),
(2018,'bmpiter',1177216904,'БМ Питер Канал сообщества'),
(2021,'gorod_pervyh',1233529310,'ЖК Город Первых | ЦДС | Соседи'),
(2023,'jk_civilization_na_neve',1762275497,'ЖК Цивилизация на Неве | 1 корпус | СОСЕДИ'),
(2025,'seaview_spb',1577728814,'ЖК Морская набережная СПб | SeaView и Бульвар'),
(2026,'CiviNaNeve',1812679220,'ЖК Цивилизация на Неве 💬 ЧАТ'),
(2027,'Legenda_Komenda',1342754612,'Новости LEGENDA Комендантского'),
(2028,'ppalasspb',1338687522,'Премьер Палас'),
(2029,'GRAFORLOVSPB',1239217923,'ЖК ГРАФ ОРЛОВ'),
(2030,'jkgraforlov',1559050587,'ЖК ГРАФ ОРЛОВ Наши Соседи 👥'),
(2031,'novoe_kupchino',1311109158,'ЖК Новое Купчино | СОСЕДИ'),
(2032,'newkupchino',1219937051,'Новое Купчино ЖК'),
(2033,'zvezdu_stolic',1456742425,'ЖК Звёзды Столиц СПБ'),
(2034,'chernaya_rechkajk',1438716070,'Основной | ЖК Черная речка ЦДС 👉🏻Все очереди👈🏻 | 1 , 2 , 3 , 4 , 5 , 6 , 7 , 8 корпус'),
(2035,'jk_defans',1481641242,'ЖК Дефанс | закрытый чат | СОСЕДИ'),
(2036,'panoramanevisosedi',1740033085,'Панорама Невы ЖК | Дольщики'),
(2037,'ETALON_NA_NEVE',1451338084,'ЭТАЛОН НА НЕВЕ | СОСЕДИ'),
(2038,'jk_etalon_na_neve',1724767462,'ЖК Эталон на Неве | СОСЕДИ'),
(2040,'idkudrovo4',1760154296,'4 корпус. ID Кудрово'),
(2041,'gkgeometry',1354319358,'ЖК Геометрия (общий чат)'),
(2043,'malooxtinskiy68',1612253447,'ЖК Малоохтинский 68 от LEGENDA'),
(2044,'magnifika_chat',1131509220,'ЖК Магнифика'),
(2045,'malaya_ohta_zk',1742250137,'ЖК Малая Охта | Дольщики'),
(2046,'MalayaOhta_Sosedi',1563034757,'Малая Охта | Соседи | ЖК'),
(2047,'volkovskiy6',1332254600,'ЖК Волковский | ЦДС'),
(2048,'moskovskiy_65',1860362164,'ЖК Московский 65 |СПБ| Дольщики'),
(2049,'moskovskiyid',1769772029,'ЖК ID Moskovskiy (Ай Ди Московский от Euroinvest Development'),
(2051,'ZKMoskovskieVorota',1768415572,'ЖК Московские Ворота 2 |СОСЕДИ'),
(2052,'zk_golden_city',1688065350,'ЖК Голден Сити (Golden City)|Соседи'),
(2053,'gloraxbaltiiskaya',1661446453,'ЖК GloraX City Балтийская от Glorax Development'),
(2054,'bolkonskiy_sosedi',1515920141,'ЖК Болконский | Соседи'),
(2055,'moskovskie_vorota',1462210540,'ЖК Московские Ворота 2 | Соседи'),
(2056,'jk_dom_na_vasilievskom',1764458867,'Дом На Васильевском | Чат дольщиков'),
(2058,'goldencity_spb',1273233336,'ГОЛДЕН СИТИ I GOLDEN CITY'),
(2059,'glorax_aura_vasileostrovsky',1282057069,'GloraX Premium Василеостровский'),
(2060,'petrovskay_dominanta',1747307416,'ЖК Петровская Доминанта | соседи'),
(2062,'idsvetlanovskiy',1894281142,'ЖК ID Svetlanovskiy чат дольщиков'),
(2063,'PRIMORSKIYKVARTAL',1447976085,'ПРИМОРСКИЙ КВАРТАЛ ЖК | СПБ'),
(2064,'primorskiy_kvartal',1189411436,'ЖК Приморский квартал - соседский чат'),
(2065,'ZK_FAMILIA_SOSEDI',1626570036,'ЖК FAMILIA | ДОЛЬЩИКИ'),
(2066,'futurist_sosedi',1752834628,'ЖК Futurist |Соседи'),
(2067,'zk_terracotta_repairs',1349197247,'ЖК \"Terracotta\" (Ремонти)'),
(2068,'ZK_BELIY_OSTROV_DOLSHIK',1558706091,'ЖК Белый Остров | ДОЛЬЩИКИ'),
(2069,'beliy_ostrov',1813359147,'ЖК Белый Остров | Соседи'),
(2070,'NoviyLessner',1163228862,'Новый Лесснер | Соседи'),
(2071,'okla_chat',1770005801,'Соседи OKLA - общий чат всех корпусов'),
(2072,'okla2ochered',1636234406,'Соседи OKLA 2 очередь 7.1.1/3.1.2/3.2.2/5.1.1'),
(2073,'modum_sosedi',1470178384,'ЖК Модум дольщики'),
(2074,'ZK_Modum',1538764057,'Модум (Modum) | Соседи'),
(2075,'ZKAriosto',1224256954,'ЖК АРИОСТО|СОСЕДИ|Ariosto'),
(2076,'ariostososedi',1322047517,'🏢ЖК Ариосто - про соседей'),
(2077,'ZKNewTime',1289966703,'Нью Тайм | New Time | СОСЕДИ'),
(2078,'timesqer',1872274612,'ЖК Тайм Сквер дольщики'),
(2083,'primorskiy_kvartal_sosedi',1724357679,'ЖК Приморский квартал | Соседи'),
(2084,'zk_ilona',1520871189,'iLona (Илона) | (Соседи)'),
(2085,'gorod_pervih',1288300348,'ЖК Город Первых ЦДС Новосаратовка'),
(2087,'design_athome',1671905986,'Дизайн интерьера | Чат для дизайнеров'),
(2088,'chat_design_russia',1709420609,'Чат дизайнеров РФ'),
(2089,'figmachat',1302438185,'Фигма-чат'),
(2091,'AgeenkoDesign',1788055080,'Школа дизайна Яна Агеенко (чат)'),
(2092,'infographic_A',1656239910,'Инфографика | База знаний для поставщика'),
(2094,'otdelka_msk',1352131560,'СТРОИТЕЛЬСТВО ОТДЕЛКА МОСКВА МО'),
(2095,'stroiprorab',1151713171,'ПРОРАБ'),
(2096,'stroimaterialu',1342797690,'Стройматериалы');
/*!40000 ALTER TABLE `chats` ENABLE KEYS */;
UNLOCK TABLES;

--
-- Table structure for table `keywords`
--

DROP TABLE IF EXISTS `keywords`;
/*!40101 SET @saved_cs_client     = @@character_set_client */;
/*!40101 SET character_set_client = utf8 */;
CREATE TABLE `keywords` (
  `id` int(11) NOT NULL AUTO_INCREMENT,
  `word` varchar(512) NOT NULL,
  PRIMARY KEY (`id`),
  UNIQUE KEY `word` (`word`)
) ENGINE=InnoDB AUTO_INCREMENT=663 DEFAULT CHARSET=utf8mb4 COLLATE=utf8mb4_unicode_ci;
/*!40101 SET character_set_client = @saved_cs_client */;

--
-- Dumping data for table `keywords`
--

LOCK TABLES `keywords` WRITE;
/*!40000 ALTER TABLE `keywords` DISABLE KEYS */;
INSERT INTO `keywords` VALUES
(282,'/help'),
(395,'/start'),
(344,'Apartment'),
(340,'bedroom'),
(345,'Buy'),
(161,'Cond Dubai'),
(160,'Cond Phuket'),
(162,'Condo Dubai'),
(159,'Condo Phuket'),
(154,'Condominium Dubai'),
(155,'Condominium Dubau'),
(158,'Condominium Pattaya'),
(157,'Condominium Phuket'),
(156,'Condominium Tai'),
(594,'digital'),
(47,'info'),
(607,'Mastercard'),
(16,'python'),
(401,'SMM'),
(547,'toutiao ads'),
(226,'visa'),
(546,'Xiaomi app gallery'),
(586,'youtube'),
(610,'Агентство'),
(212,'Активный отдых в подмосковье'),
(348,'Апартаменты'),
(472,'Апостиль'),
(605,'Апостиль МВД'),
(50,'Аренда'),
(215,'Аренда джипа'),
(573,'Аренда квартир'),
(49,'Аренда машин'),
(48,'Аренда машин Москва'),
(308,'Аренда самокат'),
(309,'Аренда электросамокат'),
(51,'Арендую'),
(231,'Арендую квартиру'),
(391,'Бали'),
(225,'Банковский перевод'),
(385,'бизнес'),
(243,'Бизнес на wb'),
(245,'бизнес на wildberries'),
(244,'бизнес на wildberries, магазин на wildberries, магазин на валберис, wildberries бизнес, wildberries зайти как поставщик, wildberries интернет магазин, wildberries магазин, wildberries партнёры регистрация, wildberries регистрация, быстрый старт на wildberries, быстрый старт на вайлдберриз, вайлдберриз бизнес, вайлдберриз зайти как поставщик, вайлдберриз интернет магазин, вайлдберриз магазин, вайлдберриз партнёры регистрация, вайлдберриз регистрация, ведение wildberries, ведение вайлдберриз, вывод в топ на w'),
(257,'Бизнес на маркерлейсах'),
(377,'бизнес под ключ на wildberries'),
(376,'бизнес под ключ на вайлдберриз'),
(379,'бизнес с китаем'),
(659,'бордюры  из гранита'),
(17,'бот'),
(77,'Ботокс'),
(628,'бригада'),
(307,'Брокер с опытом'),
(474,'Бурение скважин на воду тюмень , ищу , нужно , срочно'),
(507,'Бухгалтерская экспертиза'),
(247,'быстрый старт на вайлдберриз'),
(349,'Бюджет'),
(248,'вайлдберриз интернет магазин'),
(253,'вайлдберриз магазин'),
(542,'ванхун'),
(251,'ведение wildberries'),
(196,'виза'),
(609,'Визовый центр'),
(206,'Визой'),
(205,'Визу'),
(532,'вывод в китай'),
(538,'вывод в КНР'),
(246,'вывод в топ на wildberries'),
(521,'Вывод мобильных приложений Никитой'),
(519,'Вывод на Китае'),
(520,'Вывод на Китай'),
(317,'выкупы под ключ'),
(549,'выход на рынок индонезии'),
(528,'Выход на рынок Китая\nМобильный рынок китая\nреклама в китае \nвывод в китай\nдиджитал китай\nдиджитал в китае\nВыход на рынок КНР\nМобильный рынок КНР\nреклама в КНР \nвывод в КНР\nдиджитал КНР\nдиджитал в КНР\nкитайский трафик\nванхун\nРеклама в baidu\nПубликация игры в Китае\nрекламные платформы кнр\nXiaomi app gallery\ntoutiao ads\nкитайский мобильный рынок\nвыход на рынок индонезии'),
(529,'Выход на рынок Китая'),
(535,'Выход на рынок КНР'),
(217,'Где отдохнуть в Москве'),
(642,'Гипсовая'),
(265,'Горнолыжка Яхрома'),
(479,'Государственная регистрация товарного знака'),
(252,'Готовый бизнес франшиза'),
(660,'гранитная брусчатка'),
(657,'гранитная продукция оптом'),
(656,'гранитные изделия оптом'),
(652,'гранитные памятники оптом'),
(658,'гранитные плиты оптом'),
(75,'Губы'),
(511,'Делаем оценку'),
(513,'Делаем переводы'),
(512,'Делаем экспертизу'),
(211,'Джип туры'),
(210,'Джипинг'),
(588,'Диджитал'),
(534,'диджитал в китае'),
(540,'диджитал в КНР'),
(533,'диджитал китай'),
(539,'диджитал КНР'),
(622,'дизайн интерьера'),
(623,'дизайн квартиры'),
(621,'дизайнер'),
(620,'дизайнер интерьера'),
(579,'директ'),
(271,'Дмитровка недвижка'),
(273,'Дмитровское шоссе дома'),
(274,'Дома по Дмитровке'),
(422,'Дополнительный заработок'),
(591,'доставка еды'),
(342,'Дубае'),
(346,'Дубаи'),
(128,'Дубай'),
(337,'Жилье'),
(603,'Заграничный паспорт'),
(602,'Загранпаспорт'),
(473,'Заказать апостиль'),
(592,'заказать еду'),
(461,'Заказать оценку'),
(486,'Заказать оценку земельного участка'),
(500,'Заказать оценку ценных бумаг'),
(467,'Заказать перевод документов'),
(457,'Заказать экспертизу'),
(502,'Заказать экспертизу оборудования'),
(239,'Занемаюсь подбором недвижемости'),
(240,'Занимаемся недвижимостью в Дубаи'),
(382,'здравствуйте'),
(264,'Земля Яхрома'),
(117,'Инвест'),
(130,'Инвест в Дубай'),
(131,'Инвест в Таи'),
(132,'Инвест в Тай'),
(22,'Инвестировать в недвижимость'),
(114,'Инвестирую'),
(41,'Инвестирую в недвижимость'),
(125,'Инвестирую в Новострой'),
(85,'Инвестирую в новостройку'),
(80,'Инвестиции'),
(256,'Инвестиции в бизнес на Вайлдберриз'),
(129,'Инвестиции в Дубай'),
(116,'Инвестиции в недвижимость'),
(134,'Инвестиции в Таи'),
(136,'Инвестиции в Таиланд'),
(133,'Инвестиции в Тай'),
(135,'Инвестиции в Тайланд'),
(83,'Инвестор'),
(88,'Интересует недвижимость'),
(89,'Интересует покупка'),
(632,'интерьер'),
(76,'Инъекции'),
(626,'ипотека'),
(568,'Ищешь квартиру'),
(12,'Ищу'),
(110,'Ищу агента'),
(286,'ищу в дубае'),
(614,'Ищу в отдел продаж'),
(553,'Ищу дизайнера'),
(336,'Ищу жилье'),
(5,'Ищу квартиру'),
(396,'Ищу квартиру в Москве'),
(426,'ищу квартиру в питере'),
(329,'ищу квартиру дубай'),
(10,'Ищу клиентов'),
(560,'Ищу маркетолога'),
(381,'Ищу наставника на Вайлдберриз'),
(21,'Ищу недвижимость'),
(601,'ищу подрядчика'),
(612,'ищу подрядчиков'),
(43,'Ищу продюсера'),
(418,'Ищу работу'),
(304,'Ищу работу брокера'),
(305,'Ищу работу риэлтора'),
(111,'Ищу риелтора'),
(402,'Ищу сммщика'),
(556,'Ищу таргетолога'),
(325,'Ищу финансиста'),
(311,'как продвигаться'),
(204,'Как сделать визу'),
(525,'Карта'),
(600,'Карта VISA'),
(221,'Картинг'),
(34,'Квартира'),
(30,'Квартира в Дубае'),
(318,'Квартира Дубай'),
(181,'Квартира МО'),
(432,'квартира питер'),
(431,'квартира спб'),
(35,'Квартиру'),
(516,'Китай'),
(548,'китайский мобильный рынок'),
(541,'китайский трафик'),
(552,'Клиентов'),
(572,'Коммерческая Недвижемость под аренду'),
(119,'Коплю конд'),
(74,'Косметолог'),
(272,'Коттеджи по Дмитровке'),
(550,'Кто занимается продвижением в телеграмм ?'),
(46,'Кто занимается продвижением телеграмм каналов'),
(571,'Кто ищет квартиру в аренду'),
(527,'Кто откроет карту'),
(203,'Кто поможет с визой'),
(234,'Кто сдает'),
(216,'Куда сходить в выходные'),
(8,'Кулю дом'),
(99,'Купим'),
(101,'Купим квартиру'),
(102,'Купим недвижимость'),
(13,'Купить'),
(249,'Купить готовый бизнес'),
(269,'Купить дом по Дмитровке'),
(268,'Купить дом рядом с горнолыжкой'),
(262,'Купить дом Яхрома'),
(319,'Купить дубай'),
(356,'купить квартиру в новом доме в питере'),
(355,'купить квартиру в питере в новостройке'),
(354,'купить квартиру в спб в новостройке'),
(146,'Купить конд'),
(148,'Купить кондо'),
(147,'Купить кондоминимум'),
(26,'Купить новостройку'),
(14,'Купить рекламу'),
(219,'Купить участок в подмосковье'),
(270,'Купить участок Дмитровка'),
(3,'куплю'),
(152,'Куплю cond'),
(153,'Куплю condo'),
(151,'Куплю condominium'),
(67,'Куплю iPhone'),
(121,'Куплю villa'),
(407,'Куплю авто'),
(24,'Куплю апартаменты'),
(279,'куплю апартаменты в дубае'),
(397,'Куплю апартаменты в Москве'),
(118,'Куплю апарты'),
(287,'куплю в дубае'),
(302,'куплю в ипотеку'),
(424,'куплю в питере'),
(25,'Куплю виллу'),
(281,'куплю виллу в дубае'),
(86,'Куплю вторичку'),
(87,'Куплю дом'),
(223,'Куплю дом в коттеджном поселке'),
(292,'куплю жилье'),
(278,'куплю жилье в дубае'),
(295,'куплю землю'),
(285,'куплю землю в дубае'),
(171,'Куплю иск'),
(6,'Куплю квартиру'),
(275,'куплю квартиру в дубае'),
(39,'Куплю квартиру в Москве'),
(361,'Куплю квартиру в новостройке'),
(364,'куплю квартиру в питере'),
(363,'Куплю квартиру в Питере в новостройке'),
(365,'куплю квартиру в спб'),
(180,'Куплю квартиру МО'),
(366,'куплю квартиру спб'),
(238,'Куплю книги'),
(149,'Куплю конд'),
(150,'Куплю кондоминимум'),
(165,'Куплю мск'),
(290,'куплю недвидимость'),
(81,'Куплю недвижимость'),
(280,'куплю недвижимость в дубае'),
(214,'Куплю недвижимость в Турции'),
(109,'Куплю Новострой'),
(164,'Куплю Новострой мск'),
(40,'Куплю новостройку'),
(277,'куплю новостройку в дубае'),
(301,'куплю офплан'),
(300,'куплю пентхаус'),
(303,'куплю рассрочка'),
(4,'Куплю рекламу'),
(284,'куплю стройку в дубае'),
(299,'куплю таунхаус'),
(276,'куплю таунхаус в дубае'),
(261,'Курс wildbеrriеs'),
(437,'Легализация документов'),
(250,'магазин на wildberries'),
(631,'мастер'),
(608,'Мастеркард'),
(639,'Машинная'),
(641,'Машинная штукатурка'),
(638,'Механизированная'),
(640,'Механизированная штукатурка'),
(651,'механизированную штукатурку'),
(522,'Мобилка Китая'),
(517,'Мобильные игры'),
(530,'Мобильный рынок китая'),
(536,'Мобильный рынок КНР'),
(567,'Найду вам квартиру'),
(383,'Наставник на Вайлдберриз'),
(20,'Недвижемость'),
(78,'Недвижимость'),
(142,'Недвижимость Бали'),
(27,'Недвижимость в Дубае'),
(29,'Недвижимость в Таиланде'),
(28,'Недвижимость в Тайланде'),
(170,'Недвижимость МСК'),
(143,'Недвижимость Патая'),
(144,'Недвижимость ПТТ'),
(141,'Недвижимость Пхукет'),
(140,'Недвижимость Таи'),
(138,'Недвижимость Тай'),
(339,'Недвижка'),
(127,'Недвижка в Дубае'),
(145,'Недвижка птт'),
(139,'Недвижка Таи'),
(137,'Недвижка Тай'),
(412,'Нейросети'),
(413,'Нейросеть'),
(414,'Нейросетью'),
(369,'Новая квартира'),
(372,'Новое здание'),
(123,'Новострой'),
(166,'Новострой мск'),
(168,'Новостройка Москвы'),
(169,'Новостройки Москвы'),
(167,'Новостройки мск'),
(371,'Новые аппартаменты'),
(370,'Новый дом'),
(476,'Нотариальный перевод документов'),
(187,'Нужен агент'),
(554,'Нужен дизайнер'),
(559,'Нужен маркетолог'),
(563,'Нужен обмен'),
(45,'Нужен продюсер'),
(185,'Нужен риелтор'),
(186,'Нужен риэлтор'),
(188,'Нужен специалист по недвижимости'),
(557,'Нужен Таргетолог'),
(202,'Нужна виза'),
(526,'Нужна карта'),
(36,'Нужна квартира'),
(428,'нужна квартира в питере'),
(429,'нужна квартира в спб'),
(241,'Нужна Недвижемость'),
(330,'нужна управленка'),
(558,'Нужно настроить таргет'),
(555,'Нужно разработать дизайн'),
(11,'Нужны клиенты'),
(551,'Нужны клиенты с телеграмм'),
(561,'Обмен валютами'),
(562,'Обменяю деньги'),
(565,'Обменяю дирхам'),
(566,'Обменяю крипту'),
(564,'Обнал'),
(258,'Обучение  Вайлдберриз'),
(380,'обучение бизнес с китаем'),
(373,'обучение на wildberries'),
(374,'обучение на вайлдберриз'),
(627,'одобрить ипотеку'),
(415,'Онлайн работа'),
(524,'Ооо'),
(654,'оптом комплекты гранитных памятников'),
(615,'Отдел продаж'),
(619,'отделка'),
(229,'Открыть банковский счет'),
(230,'Открыть счет Карта VISA'),
(450,'Оценить'),
(491,'Оценить авто'),
(492,'Оценить автомобиль'),
(494,'Оценить бизнес'),
(433,'Оценка'),
(490,'Оценка авто'),
(497,'Оценка акций'),
(493,'Оценка бизнеса'),
(439,'Оценка все виды'),
(452,'Оценка для страховой компании'),
(463,'Оценка для суда'),
(483,'Оценка дома'),
(485,'Оценка земельного участка'),
(465,'Оценка по решению суда'),
(448,'Оценка после ДТП'),
(449,'Оценка после затопления'),
(488,'Оценка после пожара'),
(447,'Оценка ущерба'),
(499,'Оценка ценных бумаг'),
(441,'Оценка,все виды'),
(523,'Паблишинг в Китае'),
(655,'памятники из гранита оптом'),
(595,'Паспорт'),
(443,'Перевод документов'),
(477,'Перевод документов нотариально заверенный'),
(471,'Перевод текста'),
(435,'Переводы'),
(470,'Переводы на все языки мира'),
(419,'Подработка'),
(580,'подрядчик'),
(630,'подрядчики'),
(481,'Поиск'),
(209,'Покататься за рулем джипа'),
(576,'Поможем открыть визу'),
(634,'помощь в одобрении'),
(636,'помощь ипотека'),
(635,'помощь одобрение'),
(625,'порекомендуйте'),
(624,'посоветуйте'),
(331,'посоветуйте финансиста'),
(310,'Посуточная аренда Санкт-Петербург'),
(648,'Продаёт'),
(232,'Продажа книг'),
(653,'продажа оптом памятники'),
(71,'продам'),
(90,'Продам квартиру'),
(84,'Продам квартиру в Москве'),
(179,'Продам квартиру мск'),
(644,'Продаю'),
(647,'Продаю квартиру'),
(313,'продвигаться на wildberries'),
(312,'продвигаться на вб'),
(515,'продвижение'),
(315,'продвижение карточек на маркетплейсе'),
(518,'Продвижение на Китае'),
(314,'продвижение товара на мп'),
(218,'Прыжки с парашутом'),
(544,'Публикация игры в Китае'),
(514,'Работа'),
(420,'Работа без опыта'),
(421,'Работа в онлайне'),
(393,'Рассылка'),
(260,'Регистрация на портале WildВеrriеs'),
(436,'Регистрация товарного знака'),
(543,'Реклама в baidu'),
(531,'реклама в китае'),
(537,'реклама в КНР'),
(545,'рекламные платформы кнр'),
(618,'ремонт'),
(617,'ремонт квартиры'),
(629,'ремонтники'),
(367,'Риелтор'),
(368,'Риэлтор'),
(306,'Риэлтор с опытом'),
(593,'роллы'),
(316,'самовыккупами'),
(597,'Свидетельство'),
(604,'Свидетельство о несудимости'),
(570,'Сдам квартиры'),
(569,'Сдаю квартиры'),
(475,'Сделать апостиль'),
(458,'Сделать оценку'),
(496,'Сделать оценку автомобиля'),
(498,'Сделать оценку акций'),
(495,'Сделать оценку бизнеса'),
(484,'Сделать оценку дома'),
(487,'Сделать оценку земельного участка'),
(489,'Сделать оценку после пожара'),
(468,'Сделать перевод документа'),
(509,'Сделать экспертизу'),
(504,'Сделать экспертизу двигателя'),
(416,'Сетевой бизнес'),
(60,'слово'),
(400,'Смм'),
(403,'Сммемщик'),
(404,'Сммщик'),
(405,'Сммэмщик'),
(7,'Сниму квартиру'),
(263,'Снять дом Яхрома'),
(384,'Стартап'),
(195,'Строительство'),
(590,'суши'),
(227,'Счет'),
(224,'Счет в банке дубай'),
(228,'Счет за рубежом'),
(200,'сьем'),
(613,'таргет вк'),
(1,'Текст'),
(480,'Товарный знак'),
(505,'Трассологическая экспертиза'),
(585,'трафик'),
(259,'Тренинг wildbеrriеs'),
(417,'Удаленная работа'),
(328,'Управленческий учет'),
(201,'услуга'),
(255,'Услуга по созданию карточек на wildbеrriеs'),
(73,'франшиза'),
(242,'Хотите купить квартиру'),
(399,'Чат-бот'),
(637,'Штукатурка'),
(650,'штукатурку'),
(392,'Эксперт'),
(378,'эксперт вайлдберриз'),
(434,'Экспертиза'),
(508,'Экспертиза бухгалтерской документации'),
(454,'Экспертиза все виды'),
(503,'Экспертиза двигателя'),
(462,'Экспертиза для суда'),
(460,'Экспертиза землеустроительная'),
(456,'Экспертиза налоговая'),
(501,'Экспертиза оборудования'),
(464,'Экспертиза по решению суда'),
(506,'Экспертиза после ДТП'),
(459,'Экспертиза почерка'),
(453,'Экспертиза строительная'),
(455,'Экспертиза экономическая'),
(220,'Экстремальное вождение'),
(575,'Юридические услуги'),
(599,'Юрист'),
(584,'ютуб'),
(469,'Языковые переводы'),
(582,'яндекс'),
(266,'Яхрома купить дом'),
(267,'Яхрома недвижимость');
/*!40000 ALTER TABLE `keywords` ENABLE KEYS */;
UNLOCK TABLES;

--
-- Table structure for table `unex_words`
--

DROP TABLE IF EXISTS `unex_words`;
/*!40101 SET @saved_cs_client     = @@character_set_client */;
/*!40101 SET character_set_client = utf8 */;
CREATE TABLE `unex_words` (
  `id` int(11) NOT NULL AUTO_INCREMENT,
  `word` varchar(512) NOT NULL,
  PRIMARY KEY (`id`),
  UNIQUE KEY `word` (`word`)
) ENGINE=InnoDB AUTO_INCREMENT=194 DEFAULT CHARSET=utf8mb4 COLLATE=utf8mb4_unicode_ci;
/*!40101 SET character_set_client = @saved_cs_client */;

--
-- Dumping data for table `unex_words`
--

LOCK TABLES `unex_words` WRITE;
/*!40000 ALTER TABLE `unex_words` DISABLE KEYS */;
INSERT INTO `unex_words` VALUES
(117,'!!  !    ЗАРАБОТОК НА ЗАДАНИЯХ'),
(40,'instagram'),
(95,'Master room'),
(1,'ntrcn'),
(4,'OAdmin'),
(21,'Pand and Bear'),
(142,'TG-Бoт'),
(92,'usdt'),
(166,'а'),
(34,'АВТОМАТИЧЕСКАЯ РАССЫЛКА'),
(82,'Агентство'),
(91,'Адлер'),
(57,'Аккаунты'),
(20,'Акции'),
(107,'Акция'),
(76,'Анапа'),
(167,'арбитраж'),
(67,'Байера'),
(77,'Батуми'),
(153,'без денег'),
(155,'без процентов'),
(105,'Билет'),
(106,'Билета'),
(104,'Билетов'),
(168,'Бонус'),
(88,'Будва'),
(152,'Внимание!'),
(94,'Волос'),
(51,'Вот'),
(192,'Всем'),
(113,'Всем привет'),
(159,'вы получите'),
(61,'Выведем средства'),
(69,'Вывод средств'),
(64,'Выход рекламы'),
(140,'гарант'),
(66,'Дежурные контакты'),
(39,'дизайнер'),
(37,'добро пожаловать'),
(25,'Добро пожаловать в наш чат'),
(89,'Дорогие жители и гости'),
(102,'Доставка'),
(171,'Доступ'),
(13,'Доход'),
(75,'ЖК'),
(154,'займы'),
(129,'зальем'),
(179,'Залью'),
(72,'Запусти меня'),
(146,'Заработать'),
(118,'ЗАРАБОТОК'),
(120,'звоните'),
(124,'идет набор'),
(26,'Идет набор на рекламу'),
(59,'Ищу вложения'),
(49,'Ищу инвестиции'),
(47,'Ищу инвестора'),
(73,'Кипр'),
(81,'Кипр,'),
(134,'клиенты'),
(62,'Коллеги'),
(161,'кому нужен'),
(116,'Крупнейшая российская компания'),
(60,'Купим аккаунт'),
(36,'куратор'),
(90,'Курсу'),
(44,'курьер'),
(174,'Курьера'),
(103,'Лечу'),
(12,'Маркетинг'),
(71,'Маркетплейс'),
(70,'Маркетплейсы'),
(38,'менеджер'),
(96,'Менеджера'),
(143,'места'),
(78,'Метро'),
(125,'могу помочь'),
(74,'Москва'),
(127,'на пассиве'),
(141,'набор'),
(175,'Налик'),
(130,'нальем'),
(114,'Наша компания'),
(186,'НЕТ РОСТА В ДОХОДЕ'),
(123,'низкие цены'),
(22,'Нужны инвестиции в бизнес?'),
(135,'нужны клиенты'),
(100,'Обмен'),
(115,'Обмен валюты'),
(191,'Олимп'),
(119,'Открытие фирмы'),
(93,'Партнеров'),
(58,'Переведем'),
(31,'Переходи к нам'),
(156,'пишу отзывы'),
(86,'Подберу'),
(150,'получай'),
(185,'Получай трафик'),
(164,'помогаю'),
(27,'Помогу'),
(8,'Помогу купить квартиру'),
(9,'Помогу продать квартиру'),
(170,'Помощник'),
(35,'Помощь в получении'),
(42,'порно'),
(97,'Правила чата'),
(87,'Правилами'),
(18,'Предлагаю'),
(193,'Привет'),
(56,'Приглашаем'),
(189,'Пробив'),
(14,'Продается'),
(2,'Продам'),
(33,'Продам квартиру'),
(23,'Продам рекламу'),
(41,'продамрекламу'),
(162,'продаю'),
(24,'психология, денежное мышление, трансформация, саморазвитие'),
(188,'Работа'),
(46,'Работа удаленно'),
(139,'работаю'),
(83,'Работу'),
(138,'работю'),
(84,'Рады'),
(109,'Распродажа'),
(32,'Реклама'),
(30,'Рекламируем'),
(29,'Рекламирую'),
(16,'Ремонт'),
(28,'Решу'),
(79,'Россия'),
(172,'Самостоятельно'),
(147,'свободная касса'),
(15,'Сдается'),
(133,'сетевой'),
(11,'Сетевым'),
(121,'скидка'),
(108,'Скидки'),
(145,'Служба'),
(176,'Сотрудник'),
(3,'Список чатов'),
(54,'Ставки'),
(144,'Тайный'),
(19,'тест'),
(45,'тинькофф'),
(10,'Топ инвестиций'),
(48,'Ты'),
(132,'тыц'),
(112,'У меня к вам предложение'),
(137,'учусь'),
(65,'Фитнес'),
(169,'Халява'),
(52,'Хотите'),
(149,'хотите привлечь'),
(126,'хочу помочь'),
(111,'Хочу предложить'),
(68,'Чаты'),
(131,'что я предлагаю'),
(43,'эротика'),
(110,'Я менеджер'),
(136,'я учусь');
/*!40000 ALTER TABLE `unex_words` ENABLE KEYS */;
UNLOCK TABLES;

--
-- Table structure for table `users`
--

DROP TABLE IF EXISTS `users`;
/*!40101 SET @saved_cs_client     = @@character_set_client */;
/*!40101 SET character_set_client = utf8 */;
CREATE TABLE `users` (
  `id` int(11) NOT NULL AUTO_INCREMENT,
  `telegram_id` bigint(20) NOT NULL,
  `full_name` text DEFAULT NULL,
  `username` text DEFAULT NULL,
  `pay_end` text DEFAULT NULL,
  `is_all_chats` int(11) DEFAULT 1,
  `click_left` int(11) NOT NULL DEFAULT 0,
  PRIMARY KEY (`id`),
  UNIQUE KEY `telegram_id` (`telegram_id`)
) ENGINE=InnoDB AUTO_INCREMENT=222 DEFAULT CHARSET=utf8mb4 COLLATE=utf8mb4_unicode_ci;
/*!40101 SET character_set_client = @saved_cs_client */;

--
-- Dumping data for table `users`
--

LOCK TABLES `users` WRITE;
/*!40000 ALTER TABLE `users` DISABLE KEYS */;
INSERT INTO `users` VALUES
(1,248184623,'Никита Радзюк','fugguri','2023-03-26',0,933),
(2,2481846230,'Ппппп','popidal','2023-01-24',1,2),
(3,1358110465,'Ilya','son2421','2023-04-06',1,199),
(6,439480420,'𒆜𝔸𝕝𝕖𝕩𝕖𝕪𒆜','al8891','2023-01-25',1,2),
(11,565331673,'Мастер По всем вопросам','masternavseruki1','2022-12-25',1,2),
(12,5775778456,'I N','izzat_nasri','2023-01-26',1,2),
(13,309276932,'Илья Бабайцев | Инвестиции в недвижимость','ilia_babaycev','2023-02-28',1,160),
(14,1026968356,'S','esofcos7','2022-12-27',1,0),
(15,1806092395,'Рабочий аккаунт','jobaccount21','2023-01-28',1,0),
(16,270027852,'Кирилл Игнатьев','Ignatiev_Kirill','2022-12-28',1,0),
(17,557307227,'Александр','kontextologiya','2022-12-29',1,0),
(19,730881710,'Стас','Stasyan1703','2023-01-30',1,10),
(24,121259833,'Екатерина','kate4342','2023-02-05',0,1),
(25,5593323077,'Прапорщик Жуков','hccgciviv','2023-02-04',1,0),
(26,5763720621,'um','jjmax96','2023-01-03',1,0),
(29,495456546,'Viktor','VIKTORBLUMTT','2023-03-08',1,200),
(35,1258998616,'Yana Marakulina','yanamarakulina','2023-01-04',1,0),
(36,5956963634,'Artem','tema2727','2023-01-06',1,0),
(37,425120041,'Алексей Читает','spacer1','2023-02-07',1,10),
(41,798699603,'Константин','directdealnsk','2023-01-07',1,0),
(44,1696210936,'Little-pony','bladerx','2023-01-09',1,0),
(48,5623479682,'Баха','Baha89224415551','2023-01-09',1,0),
(50,2023958455,'Jahonbek','jonich_reklama','2023-01-11',1,0),
(56,956963443,'benzomane','richwavee','2023-01-13',1,0),
(57,559548960,'Оксана',NULL,'2023-01-14',1,0),
(58,5250502260,'Тестом','Botovodtest','2023-01-14',1,0),
(60,669662245,'Alexandr Udacha','Alex_S_55','2023-02-16',1,6),
(61,465335836,'Kirill Kukuev','Kirill8645','2023-02-20',1,300),
(62,1472283025,'Alexey',NULL,'2023-01-15',1,0),
(63,1097675192,'Sergey','Sergey3234','2023-01-15',1,0),
(65,1422043123,'Db.Den','TrDen5','2023-02-16',1,0),
(66,665622783,'Андрей.','Lunar_666','2023-01-17',1,0),
(67,2041159788,'Максим','maxmkshn','2023-01-17',1,0),
(68,2044139978,'Петр Васильевич','PetrPiter11','2023-02-23',1,15),
(71,242580472,'Анна','ani_kaa','2023-01-21',1,0),
(72,346449327,'Sergey Antonov','Bal_585','2023-02-22',1,10),
(74,5588022106,'A',NULL,'2023-01-22',1,0),
(75,204967851,'Anton Gurevich','gurevich_anton','2023-01-23',1,0),
(76,475657515,'Alexander','alexchistyak','2023-02-24',0,30),
(77,1500906625,'Nataly','nataly_dubai','2023-03-03',0,36),
(78,649772698,'Konstantin','KonstantinT80','2023-01-23',1,0),
(82,5787581539,'Мария Фролова','mariy_frol','2023-01-25',1,0),
(83,398187768,'Василий Морозов','moro5ov','2023-04-16',0,30),
(84,5144053601,'Мой Гастроном','moy_gastronom','2023-01-25',1,0),
(85,200589692,'РЕФЕРЕНТИНВЕСТ','referntinvest','2023-01-25',1,0),
(86,571175932,'Станислав | ссылка в описании','Staas_n','2023-01-27',1,0),
(87,186934512,'Анна Буркова 💚','Anna_Burkova','2023-01-28',1,0),
(88,1290984821,'Эмин Алиев','Emin_Aliev','2023-02-28',1,30),
(89,125205522,'Anton Solovev','bySolton','2023-02-28',1,60),
(90,1481630652,'Кирилл','kill_1620','2023-01-29',1,0),
(91,5470912944,'Игорь Кудров 🟢','kudrovigor','2023-01-29',1,0),
(92,226185513,'Yury Kuzmenkov','yKuzmenkov','2023-02-28',1,15),
(93,552606872,'Кирилл Попов','Popov_top','2023-01-30',1,0),
(95,809373030,'Валерия Асанова','Lera_Asanova','2023-02-03',1,0),
(96,3541207,'Anton','berd_ant','2023-02-03',1,0),
(98,846845408,'Chaim',NULL,'2023-02-05',1,0),
(99,5347801664,'Анна Глухова','Anna_Gly','2023-02-05',1,0),
(100,5572697239,'Кристина','kristykh6','2023-02-05',1,0),
(101,797541307,'Askat','askatt','2023-02-06',1,0),
(102,895619127,'°censored','censored_CD','2023-02-06',1,0),
(103,607742425,'Илья Puchkoff','PuchkoffIlya','2023-02-06',1,0),
(105,497855652,'Sergei','sorekhanov','2023-03-08',1,197),
(107,13952493,'Anna Anna','Gold_Irbis','2023-02-07',1,0),
(108,314796543,'Дмитрий ✌','Nikulindmitriy','2023-02-07',1,0),
(109,495266127,'Машка','mashkaa77','2023-02-08',1,0),
(110,1130087173,'JUST | CLICK | DRIVE','justclickdrive','2023-02-10',1,0),
(111,363133267,'Max Mironov','MaxMironov','2023-02-12',1,0),
(114,1335225289,'Kolya','kiko0308','2023-02-12',1,0),
(116,115658236,'Ildar Kanafeev','kanafeevildar','2023-03-13',1,9),
(117,1132281339,'Жанат 🗽','zhanat_akibaev','2023-03-13',1,166),
(119,1739501759,'Роман Срочный Выкуп МСК','vykup_msk','2023-02-12',1,0),
(122,1370406162,'Telegram Man','ManinTG','2023-02-12',1,0),
(123,6174908562,'gin','business_bot_creator','2023-03-14',0,0),
(124,5661272916,'Alina MyDubaiTv','MyDubaiTv_PR','2023-02-12',1,0),
(127,5058652193,'Danil','nwtceo','2023-02-12',1,0),
(128,780299694,'Nikita','business_connection','2023-02-13',1,0),
(129,428498762,'Гузель Фархутдинова','guzel_farhutdinova','2023-02-13',1,0),
(132,519291972,'Рося','rosya_a','2023-02-13',1,0),
(133,2073080999,'Your Highness','YourHighnessSir','2023-02-13',1,0),
(134,391058952,'Вадим','ozoar','2023-02-14',1,0),
(135,879607635,'🔥 Vlad','Jikoller','2023-02-14',1,0),
(136,5148929259,'Виктория','Viki0207','2023-02-14',1,0),
(137,6291135837,'Mimino Ex','Miminot','2023-02-14',1,0),
(138,5415431237,'Света','swetzhe','2023-02-14',1,0),
(139,5067456518,'Павел','paveldubai11','2023-02-15',1,0),
(140,773187764,'Aleksandr','Aleksandr13084','2023-02-15',1,0),
(141,38676703,'Mr. D.','MrDeliDev','2023-02-15',1,0),
(142,753258812,'Илья П.','dikorosy_russia_ru','2023-03-18',1,0),
(143,719967172,'Elena Sinichina','elena_sinichina','2023-04-02',0,30),
(145,1479942143,'Я Я',NULL,'2023-02-15',1,0),
(146,5964965018,'Yager Development','yager_dev','2023-02-16',1,0),
(147,334090319,'Андрей Синчило','Sinchilo_Andrey','2023-03-17',0,26),
(149,5916623861,'Наталья Семагина','natalisemagina','2023-02-16',1,0),
(150,5803788327,'Strannik','Rauuuuuufffff','2023-02-17',1,0),
(151,180678093,'Karina Yakubova','karinayakubova','2023-02-18',1,0),
(152,244271458,'💰Andrey Golt','goltandrey','2023-02-18',1,0),
(153,5977383655,'Barber Dubai','Turaliev13','2023-02-18',1,0),
(154,447031364,'Aleksandr Sokolov','Sokolov_AD','2023-02-18',1,0),
(155,875137377,'Ilina','IlinaDerkach','2023-02-18',1,0),
(156,537376097,'Eduard Только лучшее.','mr_candycat13','2023-03-19',1,20),
(158,152662731,'Никос SYNCHRON 🚀','nsocium','2023-03-27',0,20),
(160,5837491784,'BB',NULL,'2023-02-19',1,0),
(161,592771703,'Vladimir','Vladimir888Vladimir','2023-02-20',1,0),
(162,1773596404,'Юлия ♏','julja_kurbanalieva','2023-02-20',1,0),
(163,530493261,'Irina',NULL,'2023-02-20',1,0),
(164,827429047,'𝑀𝑖𝑠ℎ𝑎','bartonm','2023-02-21',1,0),
(165,5848580279,'🖤','nika_wew','2023-02-21',1,0),
(166,5092338333,'Алексей','AlekseyTrenin','2023-02-22',1,0),
(167,5698735278,'Zahid Regina',NULL,'2023-02-22',1,0),
(168,740080381,'Арина Черепанова','arinacherepanova','2023-02-22',1,0),
(169,193695194,'Яхияев Сергей','yakhiyaevs','2023-02-23',1,0),
(170,1384813885,'Альбина',NULL,'2023-02-23',1,0),
(171,5699600560,'🥇 𝖨𝖦𝖮𝖱','Eara_Valentine','2023-02-23',1,0),
(172,266582135,'Алексей Пак','alekseyPak','2023-03-25',1,100),
(173,200772623,'Максим Шестаков','Rusheoner','2023-02-25',1,0),
(174,6107452382,'Мария ГК \"Белый Остров\"','mariagkwhiteisland','2023-02-26',1,0),
(175,202569394,'Никита','Nikihool','2023-03-27',1,100),
(176,6096397693,'Кирилл Сазанов',NULL,'2023-02-26',1,0),
(177,806917533,'Tip Top','vtop_ru','2023-02-26',1,0),
(178,1644007897,'Mr.Vitalii','target_110','2023-03-27',1,3),
(179,277120969,'Дмитрий','dimono93','2023-02-27',1,0),
(181,1801996209,'ртк','altukhov1979','2023-02-28',1,0),
(182,781755532,'Наталья Обухова','natalyobuhova','2023-02-28',1,0),
(183,91757062,'Anastasia Lagutina','anastasialagu','2023-02-28',1,0),
(184,671157851,'Ксения Орлова','inside_o_ksen','2023-02-28',1,0),
(185,548122683,'Julia','yulianka11','2023-02-28',1,0),
(186,1093760138,'В. В.','VovaSeversk','2023-02-28',1,0),
(187,1393345538,'ЖЮЛЬ ВЕРН','Synergyline','2023-03-01',1,0),
(188,5004785013,'Синерджи Лайн','RiverScreen','2023-03-01',1,0),
(189,188165806,'Ҝℛαֆֆαv५ɨҝ','Ctepx','2023-03-01',1,0),
(190,327787971,'Максим Стенников','maximsten','2023-03-01',1,0),
(191,643285888,'Лена Лемберт | Дизайн Интерьера','LenaLembert','2023-03-01',1,0),
(192,906579329,'Инновационная Компания \"ЭФАМ\"','ik_efam','2023-03-02',1,0),
(194,745329676,'Aleksandr MB','aleeksmb','2023-03-03',1,0),
(195,1750321651,'Анатолий Шуленин',NULL,'2023-03-03',1,0),
(196,282283626,'Artem','Artym100500','2023-03-03',1,0),
(198,865219586,'Svetlana Chereshneva','SVCheresh','2023-03-04',1,0),
(200,797439963,'Polina','polinza21','2023-04-06',1,3),
(201,5920150113,'Никита Сидоренко','infoprobivua','2023-03-06',1,0),
(202,6167553436,'Victoriya Mishutkina','MishutkinaVica','2023-03-06',1,0),
(203,5266651208,'Игорь','Igor_Consulting','2023-04-09',1,200),
(204,1248489450,'Юлия Гладкова','JillMakler','2023-03-09',1,0),
(206,658538008,'Валерий Броян','Val_Bro592','2023-03-09',1,0),
(207,5651217040,'A Real Estate','realestateuaerent','2023-03-12',1,0),
(208,2133165831,'K.Gabbro','gdkarelia','2023-04-13',1,100);
/*!40000 ALTER TABLE `users` ENABLE KEYS */;
UNLOCK TABLES;

--
-- Table structure for table `users_chats`
--

DROP TABLE IF EXISTS `users_chats`;
/*!40101 SET @saved_cs_client     = @@character_set_client */;
/*!40101 SET character_set_client = utf8 */;
CREATE TABLE `users_chats` (
  `id` int(11) NOT NULL AUTO_INCREMENT,
  `user_id` int(11) NOT NULL,
  `chat_id` int(11) NOT NULL,
  PRIMARY KEY (`id`),
  KEY `user_id` (`user_id`),
  KEY `chat_id` (`chat_id`) USING BTREE,
  CONSTRAINT `users_chats_ibfk_1` FOREIGN KEY (`user_id`) REFERENCES `users` (`id`),
  CONSTRAINT `users_chats_ibfk_2` FOREIGN KEY (`chat_id`) REFERENCES `chats` (`id`)
) ENGINE=InnoDB AUTO_INCREMENT=2097 DEFAULT CHARSET=utf8mb4 COLLATE=utf8mb4_unicode_ci;
/*!40101 SET character_set_client = @saved_cs_client */;

--
-- Dumping data for table `users_chats`
--

LOCK TABLES `users_chats` WRITE;
/*!40000 ALTER TABLE `users_chats` DISABLE KEYS */;
INSERT INTO `users_chats` VALUES
(119,3,119),
(166,3,166),
(179,3,179),
(224,3,224),
(291,3,291),
(359,3,359),
(588,15,588),
(929,3,929),
(930,3,930),
(948,3,948),
(951,3,951),
(952,15,787),
(966,15,966),
(971,15,971),
(992,24,992),
(994,24,994),
(996,3,996),
(1044,3,1043),
(1046,1,844),
(1062,1,982),
(1063,24,1063),
(1064,24,1064),
(1066,3,119),
(1067,3,166),
(1068,3,179),
(1069,3,1069),
(1070,3,1070),
(1071,3,1071),
(1072,3,1072),
(1073,3,1073),
(1074,3,1074),
(1075,3,1075),
(1076,3,1076),
(1077,3,1077),
(1078,3,1078),
(1079,3,1079),
(1080,3,1080),
(1081,3,1081),
(1082,3,1082),
(1083,3,1083),
(1084,3,1084),
(1085,3,1085),
(1086,3,1086),
(1087,3,1087),
(1088,3,1088),
(1089,3,1089),
(1090,3,1090),
(1091,3,930),
(1092,3,1092),
(1093,3,1093),
(1094,3,1094),
(1096,3,1076),
(1097,3,1097),
(1098,3,1098),
(1101,3,1101),
(1102,3,1102),
(1103,3,1103),
(1108,3,1108),
(1110,3,1110),
(1111,3,1111),
(1112,3,1112),
(1113,3,1113),
(1114,3,1114),
(1115,3,1115),
(1116,3,1116),
(1117,3,1117),
(1118,3,1118),
(1119,3,1119),
(1120,3,1076),
(1135,3,1076),
(1138,3,1099),
(1150,3,1150),
(1151,3,1079),
(1152,3,1110),
(1153,3,588),
(1154,3,1113),
(1155,3,1114),
(1156,3,1115),
(1157,3,1116),
(1158,3,1117),
(1159,3,1118),
(1160,3,1119),
(1161,3,929),
(1162,3,948),
(1163,3,1163),
(1164,3,1164),
(1165,3,930),
(1166,3,1166),
(1167,3,1167),
(1168,3,1168),
(1169,3,1169),
(1170,3,1170),
(1171,3,1171),
(1172,3,1172),
(1174,3,1174),
(1175,3,1175),
(1176,3,1176),
(1178,3,1178),
(1179,3,1179),
(1180,3,1180),
(1181,3,1181),
(1183,3,1183),
(1184,3,951),
(1185,3,1185),
(1186,3,1186),
(1190,3,1190),
(1191,3,1191),
(1192,3,1192),
(1193,3,1193),
(1194,3,1194),
(1195,3,1195),
(1196,3,1196),
(1197,3,1197),
(1198,3,1198),
(1199,3,1199),
(1200,3,1200),
(1201,3,1201),
(1202,3,1202),
(1203,3,1203),
(1204,3,1204),
(1205,3,1205),
(1206,3,1206),
(1207,3,1207),
(1208,3,1208),
(1209,3,1209),
(1210,3,1210),
(1211,3,1211),
(1212,3,1212),
(1213,3,1213),
(1214,3,1214),
(1215,3,1215),
(1216,3,1216),
(1217,3,1217),
(1218,3,1218),
(1219,3,1219),
(1220,3,1220),
(1221,3,1221),
(1222,3,1222),
(1223,3,1223),
(1224,3,1224),
(1225,3,1225),
(1226,3,1226),
(1227,3,1227),
(1228,3,1228),
(1229,3,1229),
(1230,3,1230),
(1231,3,1204),
(1232,3,1205),
(1233,3,1206),
(1234,3,1207),
(1235,3,1208),
(1236,3,1209),
(1237,3,1238),
(1238,3,1210),
(1239,3,1211),
(1240,3,1212),
(1241,3,1213),
(1242,3,1243),
(1243,3,1214),
(1244,3,1215),
(1245,3,1216),
(1246,3,1217),
(1247,3,1218),
(1248,3,1219),
(1249,3,1250),
(1250,3,1220),
(1251,3,1221),
(1252,3,1222),
(1253,3,1223),
(1254,3,1255),
(1255,3,1225),
(1256,3,1226),
(1257,3,1227),
(1258,3,1228),
(1259,3,1260),
(1260,3,1229),
(1261,3,1230),
(1262,3,1231),
(1263,3,1264),
(1264,3,1265),
(1265,3,1266),
(1266,3,1199),
(1267,3,1268),
(1268,3,1269),
(1269,3,1270),
(1270,3,1168),
(1271,1,950),
(1272,1,950),
(1273,1,950),
(1274,13,950),
(1275,13,1276),
(1276,13,1277),
(1277,13,1278),
(1278,13,1279),
(1279,13,1280),
(1280,13,1281),
(1281,3,951),
(1282,3,948),
(1283,3,1284),
(1284,3,1285),
(1285,3,929),
(1286,3,930),
(1287,3,1202),
(1288,3,787),
(1289,3,1290),
(1290,3,1291),
(1291,3,1164),
(1292,3,1193),
(1293,3,1294),
(1294,3,1295),
(1295,3,951),
(1296,3,948),
(1297,3,1284),
(1298,3,1285),
(1299,3,929),
(1300,3,930),
(1301,3,1202),
(1302,3,787),
(1303,3,1290),
(1304,3,1291),
(1305,3,1306),
(1306,3,1164),
(1307,3,1193),
(1308,3,1294),
(1309,3,1295),
(1310,1,844),
(1618,61,1619),
(1619,1,950),
(1620,3,1621),
(1621,3,1622),
(1622,3,1623),
(1623,3,1624),
(1624,3,1625),
(1625,3,1626),
(1626,3,1623),
(1627,3,880),
(1628,3,1629),
(1629,3,1630),
(1630,3,1631),
(1631,3,1399),
(1632,3,1622),
(1633,3,1634),
(1634,3,1635),
(1635,3,1636),
(1636,3,1637),
(1637,3,1638),
(1638,3,1639),
(1639,3,1321),
(1640,3,1641),
(1641,3,1347),
(1642,3,1643),
(1643,3,1644),
(1644,3,1318),
(1645,72,1646),
(1646,72,1647),
(1647,60,1094),
(1648,60,1354),
(1649,60,1356),
(1650,60,1357),
(1651,60,1358),
(1652,60,1359),
(1653,60,1359),
(1654,60,1094),
(1655,60,1361),
(1656,60,1362),
(1657,60,1658),
(1661,60,1363),
(1662,60,1364),
(1663,60,1365),
(1664,60,1366),
(1665,60,1367),
(1666,60,1368),
(1667,60,1668),
(1668,60,1369),
(1669,60,1370),
(1670,60,1371),
(1671,60,1372),
(1672,60,1673),
(1673,60,1373),
(1674,60,1374),
(1675,60,1375),
(1676,60,1376),
(1677,60,1377),
(1678,60,1378),
(1679,60,1680),
(1680,60,1379),
(1681,60,1380),
(1682,60,1381),
(1683,60,1382),
(1684,60,1685),
(1685,60,1383),
(1686,60,1384),
(1687,60,1385),
(1688,60,1386),
(1689,60,1387),
(1690,60,1388),
(1691,60,1692),
(1692,60,1389),
(1693,60,1390),
(1694,60,1391),
(1695,60,1395),
(1696,60,1098),
(1697,60,1362),
(1698,60,1398),
(1699,60,1076),
(1700,60,1399),
(1701,60,1399),
(1702,60,1703),
(1703,60,1400),
(1704,60,1401),
(1705,60,1706),
(1706,60,1402),
(1707,60,1403),
(1708,60,1404),
(1709,60,1405),
(1711,60,1407),
(1713,60,1408),
(1714,60,1409),
(1715,60,1703),
(1733,77,588),
(1741,77,929),
(1745,77,930),
(1782,77,1113),
(1783,77,1114),
(1784,77,1115),
(1785,77,1116),
(1786,77,1117),
(1787,77,1118),
(1788,77,1119),
(1791,77,1163),
(1792,77,1164),
(1794,77,1166),
(1795,77,1577),
(1796,77,1167),
(1797,77,1168),
(1798,77,1169),
(1799,77,1170),
(1800,77,1753),
(1801,77,1171),
(1802,77,1172),
(1803,77,1173),
(1804,77,1174),
(1805,77,1176),
(1806,77,1807),
(1807,77,1177),
(1808,77,1178),
(1809,77,1179),
(1810,77,1180),
(1811,77,992),
(1812,77,1181),
(1813,77,1182),
(1814,77,1183),
(1815,77,951),
(1816,77,1185),
(1817,77,1186),
(1818,77,1187),
(1819,77,1820),
(1820,77,1188),
(1821,77,1189),
(1822,77,1190),
(1823,77,1191),
(1824,77,1825),
(1825,77,1192),
(1826,77,1193),
(1827,77,1194),
(1828,77,1195),
(1829,77,1196),
(1830,77,1197),
(1831,77,1832),
(1832,77,1198),
(1833,77,1199),
(1834,77,1200),
(1835,77,1201),
(1836,77,1837),
(1837,77,1202),
(1838,77,1203),
(1839,77,1840),
(1840,77,1204),
(1841,77,1205),
(1842,77,1206),
(1843,77,1207),
(1844,77,1208),
(1845,77,1209),
(1846,77,1238),
(1847,77,1210),
(1848,77,1211),
(1849,77,1212),
(1850,77,1213),
(1851,77,1243),
(1852,77,1214),
(1853,77,1215),
(1854,77,1216),
(1855,77,1217),
(1856,77,1218),
(1857,77,1219),
(1858,77,1250),
(1859,77,1220),
(1860,77,1221),
(1861,77,1222),
(1862,77,1223),
(1863,77,1255),
(1864,77,1224),
(1865,77,1225),
(1866,77,1226),
(1867,77,1227),
(1868,77,1260),
(1869,77,1229),
(1870,77,1230),
(1871,77,1231),
(1872,77,1264),
(1873,77,1874),
(1874,77,1875),
(1875,77,1265),
(1876,77,1266),
(1877,77,1199),
(1878,77,1268),
(1879,77,1269),
(1880,77,1270),
(1883,77,951),
(1884,77,948),
(1885,77,1284),
(1886,77,1285),
(1887,77,929),
(1888,77,930),
(1889,77,1202),
(1890,77,787),
(1891,77,1290),
(1892,77,1306),
(1893,77,1164),
(1894,77,1193),
(1895,77,1294),
(1896,77,1295),
(1897,83,1898),
(1898,83,1899),
(1899,83,1900),
(1900,83,1901),
(1901,83,1902),
(1902,83,1903),
(1903,83,1904),
(1904,83,1905),
(1905,83,1902),
(1906,83,1907),
(1907,83,1908),
(1908,83,1909),
(1909,83,1910),
(1910,83,1911),
(1911,83,1912),
(1912,83,1913),
(1913,83,1914),
(1914,83,1915),
(1915,83,1916),
(1916,83,1917),
(1917,83,1918),
(1918,83,1919),
(1919,83,1920),
(1920,83,1921),
(1921,83,1922),
(1922,83,1923),
(1923,83,1908),
(1924,76,1290),
(1932,105,1932),
(1933,29,1043),
(1934,29,1935),
(1941,1,1942),
(1942,1,1943),
(1943,1,1944),
(1944,1,1945),
(1945,1,1946),
(1946,1,1947),
(1947,1,1948),
(1948,1,1949),
(1949,1,1950),
(1950,1,1951),
(1951,1,1952),
(1952,1,1953),
(1953,1,1954),
(1954,1,1955),
(1955,1,1956),
(1956,1,1957),
(1957,1,1958),
(1958,1,1959),
(1959,1,1960),
(1961,83,1962),
(1962,83,1963),
(1963,83,1964),
(1964,83,1965),
(1965,83,1962),
(1966,83,950),
(1967,83,1968),
(1968,83,1320),
(1969,83,1970),
(1970,147,1936),
(1971,147,1972),
(1972,147,1629),
(1973,147,1974),
(1974,147,1975),
(1975,147,1976),
(1976,147,1977),
(1977,147,1978),
(1978,147,1979),
(1979,147,1980),
(1980,147,1981),
(1981,147,1982),
(1982,147,1983),
(1983,147,1984),
(1984,147,1985),
(1985,147,1986),
(1986,147,1987),
(1987,147,1988),
(1988,147,1989),
(1989,147,1990),
(1990,147,1991),
(1991,158,1992),
(1992,158,1993),
(1993,158,1994),
(1994,158,1995),
(1995,83,950),
(1996,143,1961),
(1997,143,1938),
(1998,203,1534),
(1999,203,1608),
(2000,203,2001),
(2001,203,2002),
(2002,203,2003),
(2003,143,2004),
(2004,143,2005),
(2005,143,2006),
(2006,143,2007),
(2007,143,2008),
(2008,143,2009),
(2009,143,2010),
(2010,143,2011),
(2011,143,2012),
(2012,83,2013),
(2013,83,2014),
(2014,83,2015),
(2015,83,2016),
(2016,83,2017),
(2017,83,2018),
(2018,83,1919),
(2019,83,1912),
(2020,83,2021),
(2021,83,1899),
(2022,83,2023),
(2023,83,1915),
(2024,83,2025),
(2025,83,2026),
(2026,83,2027),
(2027,83,2028),
(2028,83,2029),
(2029,83,2030),
(2030,83,2031),
(2031,83,2032),
(2032,83,2033),
(2033,83,2034),
(2034,83,2035),
(2035,83,2036),
(2036,83,2037),
(2037,83,2038),
(2038,83,1898),
(2039,83,2040),
(2040,83,2041),
(2041,83,2041),
(2042,83,2043),
(2043,83,2044),
(2044,83,2045),
(2045,83,2046),
(2046,83,2047),
(2047,83,2048),
(2048,83,2049),
(2049,83,1921),
(2050,83,2051),
(2051,83,2052),
(2052,83,2053),
(2053,83,2054),
(2054,83,2055),
(2055,83,2056),
(2056,83,2056),
(2057,83,2058),
(2058,83,2059),
(2059,83,2060),
(2060,83,1915),
(2061,83,2062),
(2062,83,2063),
(2063,83,2064),
(2064,83,2065),
(2065,83,2066),
(2066,83,2067),
(2067,83,2068),
(2068,83,2069),
(2069,83,2070),
(2070,83,2071),
(2071,83,2072),
(2072,83,2073),
(2073,83,2074),
(2074,83,2075),
(2075,83,2076),
(2076,83,2077),
(2077,83,2078),
(2078,83,2062),
(2079,83,2062),
(2080,83,2063),
(2081,83,2064),
(2082,83,2083),
(2083,83,2084),
(2084,83,2085),
(2085,83,1921),
(2086,208,2087),
(2087,208,2088),
(2088,208,2089),
(2089,208,2088),
(2090,208,2091),
(2091,208,2092),
(2092,208,90),
(2093,208,2094),
(2094,208,2095),
(2095,208,2096),
(2096,208,1101);
/*!40000 ALTER TABLE `users_chats` ENABLE KEYS */;
UNLOCK TABLES;

--
-- Table structure for table `users_keywords`
--

DROP TABLE IF EXISTS `users_keywords`;
/*!40101 SET @saved_cs_client     = @@character_set_client */;
/*!40101 SET character_set_client = utf8 */;
CREATE TABLE `users_keywords` (
  `id` int(11) NOT NULL AUTO_INCREMENT,
  `user_id` int(11) NOT NULL,
  `keyword_id` int(11) NOT NULL,
  PRIMARY KEY (`id`),
  KEY `keyword_id` (`keyword_id`) USING BTREE,
  KEY `users_keywords_ibfk_1` (`user_id`),
  CONSTRAINT `users_keywords_ibfk_1` FOREIGN KEY (`user_id`) REFERENCES `users` (`id`),
  CONSTRAINT `users_keywords_ibfk_2` FOREIGN KEY (`keyword_id`) REFERENCES `keywords` (`id`)
) ENGINE=InnoDB AUTO_INCREMENT=670 DEFAULT CHARSET=utf8mb4 COLLATE=utf8mb4_unicode_ci;
/*!40101 SET character_set_client = @saved_cs_client */;

--
-- Dumping data for table `users_keywords`
--

LOCK TABLES `users_keywords` WRITE;
/*!40000 ALTER TABLE `users_keywords` DISABLE KEYS */;
INSERT INTO `users_keywords` VALUES
(74,24,74),
(75,24,75),
(76,24,76),
(77,24,77),
(99,13,99),
(101,13,101),
(102,13,102),
(103,13,81),
(107,13,21),
(108,13,40),
(109,13,109),
(110,13,110),
(111,13,111),
(113,13,80),
(114,13,114),
(115,13,41),
(116,13,116),
(117,13,117),
(118,13,118),
(119,13,119),
(120,13,25),
(121,13,121),
(123,13,123),
(124,13,85),
(125,13,125),
(126,13,27),
(127,13,127),
(129,13,129),
(130,13,130),
(131,13,131),
(132,13,132),
(133,13,133),
(134,13,134),
(135,13,135),
(136,13,136),
(137,13,137),
(138,13,138),
(139,13,139),
(140,13,140),
(141,13,141),
(142,13,142),
(143,13,143),
(144,13,144),
(145,13,145),
(146,13,146),
(147,13,147),
(148,13,148),
(149,13,149),
(150,13,150),
(151,13,151),
(152,13,152),
(153,13,153),
(154,13,154),
(155,13,155),
(156,13,156),
(157,13,157),
(158,13,158),
(159,13,159),
(160,13,160),
(161,13,161),
(162,13,162),
(164,13,164),
(165,13,165),
(166,13,166),
(167,13,167),
(168,13,168),
(169,13,169),
(170,13,170),
(174,13,83),
(177,13,90),
(179,13,179),
(180,13,180),
(181,13,181),
(182,13,86),
(183,13,88),
(184,13,89),
(185,13,185),
(186,13,186),
(187,13,187),
(188,13,188),
(207,1,200),
(214,1,12),
(215,1,201),
(216,60,209),
(217,60,210),
(218,60,211),
(219,60,212),
(222,60,215),
(223,60,216),
(224,60,217),
(225,60,218),
(226,60,219),
(227,60,220),
(228,60,221),
(229,13,87),
(230,13,223),
(250,72,243),
(252,72,245),
(253,72,246),
(254,72,247),
(255,72,248),
(256,72,249),
(257,72,250),
(258,72,251),
(259,72,252),
(260,72,253),
(261,72,253),
(262,72,255),
(263,72,256),
(264,72,257),
(265,72,258),
(266,72,259),
(267,72,260),
(268,72,261),
(269,72,262),
(270,72,263),
(271,72,264),
(272,72,265),
(273,72,266),
(274,72,267),
(275,72,268),
(276,72,269),
(277,72,270),
(278,72,271),
(279,72,272),
(280,72,273),
(281,72,274),
(317,68,310),
(329,77,318),
(331,77,6),
(334,92,325),
(335,92,328),
(336,77,329),
(337,92,330),
(338,92,331),
(339,77,6),
(341,77,6),
(342,77,5),
(343,77,336),
(344,77,337),
(345,77,34),
(346,77,339),
(350,77,340),
(351,77,344),
(354,77,35),
(355,77,348),
(363,83,356),
(364,83,354),
(368,83,361),
(369,83,6),
(370,83,363),
(371,83,364),
(372,83,365),
(373,83,366),
(374,77,367),
(375,77,368),
(376,76,369),
(377,76,370),
(378,76,371),
(379,76,372),
(389,1,382),
(403,116,396),
(404,116,397),
(405,116,39),
(407,123,400),
(408,123,401),
(409,123,402),
(410,123,403),
(411,123,404),
(412,123,405),
(413,123,6),
(414,123,407),
(415,123,81),
(416,123,292),
(417,123,35),
(418,123,78),
(422,147,415),
(423,147,416),
(425,147,418),
(427,147,420),
(428,147,421),
(429,147,422),
(431,83,424),
(432,83,6),
(433,83,426),
(434,83,5),
(435,83,428),
(436,83,429),
(437,83,36),
(438,83,431),
(439,83,432),
(454,156,447),
(455,156,448),
(456,156,449),
(457,156,450),
(458,156,439),
(459,156,452),
(460,156,453),
(461,156,454),
(462,156,455),
(463,156,456),
(464,156,457),
(465,156,458),
(466,156,459),
(467,156,460),
(468,156,461),
(469,156,462),
(470,156,463),
(471,156,464),
(472,156,465),
(473,156,443),
(474,156,467),
(475,156,468),
(476,156,469),
(477,156,470),
(478,156,471),
(483,156,476),
(484,156,477),
(485,156,436),
(486,156,479),
(487,156,480),
(489,156,437),
(490,156,483),
(491,156,484),
(492,156,485),
(493,156,486),
(494,156,487),
(495,156,488),
(496,156,489),
(497,156,490),
(498,156,491),
(499,156,492),
(500,156,493),
(501,156,494),
(502,156,495),
(503,156,496),
(504,156,497),
(505,156,498),
(506,156,499),
(507,156,500),
(508,156,501),
(509,156,502),
(510,156,503),
(511,156,504),
(512,156,505),
(513,156,506),
(514,156,507),
(515,156,508),
(516,156,509),
(517,156,454),
(518,156,511),
(519,156,512),
(520,156,513),
(521,147,514),
(522,172,515),
(536,175,529),
(537,175,530),
(538,175,531),
(539,175,532),
(540,175,533),
(541,175,534),
(542,175,535),
(543,175,536),
(544,175,537),
(545,175,538),
(546,175,539),
(547,175,540),
(548,175,541),
(549,175,542),
(550,175,543),
(551,175,544),
(552,175,545),
(553,175,546),
(554,175,547),
(555,175,548),
(556,175,549),
(585,178,556),
(587,143,580),
(588,143,579),
(589,143,582),
(590,143,579),
(591,143,584),
(592,143,585),
(593,143,586),
(597,158,590),
(598,158,591),
(599,158,592),
(600,158,593),
(608,143,601),
(609,203,602),
(610,203,603),
(611,203,604),
(612,203,605),
(613,203,600),
(614,203,607),
(615,203,608),
(616,203,609),
(619,143,612),
(620,143,613),
(621,3,614),
(622,3,615),
(623,3,413),
(624,83,617),
(625,83,618),
(626,83,619),
(627,83,620),
(628,83,621),
(629,83,622),
(630,83,623),
(631,83,624),
(632,83,625),
(633,83,626),
(634,83,627),
(635,83,628),
(636,83,629),
(637,83,630),
(638,83,631),
(639,83,632),
(640,83,629),
(641,83,634),
(642,83,635),
(643,83,636),
(644,83,637),
(645,83,638),
(646,83,639),
(647,83,640),
(648,83,641),
(649,83,642),
(650,83,6),
(651,83,644),
(652,83,71),
(653,83,90),
(654,83,647),
(655,83,648),
(656,83,648),
(657,83,650),
(658,83,651),
(659,208,652),
(660,208,653),
(661,208,654),
(662,208,655),
(663,208,656),
(664,208,657),
(665,208,658),
(666,208,659),
(667,208,660),
(669,208,395);
/*!40000 ALTER TABLE `users_keywords` ENABLE KEYS */;
UNLOCK TABLES;

--
-- Table structure for table `users_unex_words`
--

DROP TABLE IF EXISTS `users_unex_words`;
/*!40101 SET @saved_cs_client     = @@character_set_client */;
/*!40101 SET character_set_client = utf8 */;
CREATE TABLE `users_unex_words` (
  `id` int(11) NOT NULL AUTO_INCREMENT,
  `user_id` int(11) NOT NULL,
  `unex_word_id` int(11) NOT NULL,
  PRIMARY KEY (`id`),
  KEY `user_id` (`user_id`),
  KEY `unex_word_id` (`unex_word_id`) USING BTREE,
  CONSTRAINT `users_unex_words_ibfk_1` FOREIGN KEY (`user_id`) REFERENCES `users` (`id`),
  CONSTRAINT `users_unex_words_ibfk_2` FOREIGN KEY (`unex_word_id`) REFERENCES `unex_words` (`id`)
) ENGINE=InnoDB AUTO_INCREMENT=194 DEFAULT CHARSET=utf8mb4 COLLATE=utf8mb4_unicode_ci;
/*!40101 SET character_set_client = @saved_cs_client */;

--
-- Dumping data for table `users_unex_words`
--

LOCK TABLES `users_unex_words` WRITE;
/*!40000 ALTER TABLE `users_unex_words` DISABLE KEYS */;
INSERT INTO `users_unex_words` VALUES
(5,3,4),
(6,3,3),
(7,3,2),
(8,13,8),
(9,13,9),
(10,13,10),
(11,1,11),
(12,1,12),
(14,3,14),
(15,3,15),
(16,3,16),
(18,3,18),
(20,13,20),
(21,13,21),
(22,13,22),
(23,13,23),
(24,13,24),
(25,13,25),
(26,13,26),
(27,13,27),
(28,13,28),
(29,13,29),
(30,13,30),
(31,13,31),
(32,13,32),
(33,3,33),
(34,3,34),
(35,13,35),
(36,1,36),
(37,1,37),
(38,1,38),
(39,1,39),
(41,1,41),
(45,1,45),
(46,13,46),
(47,13,47),
(49,13,49),
(50,13,46),
(52,13,52),
(53,13,18),
(54,13,54),
(55,13,32),
(56,13,56),
(57,13,57),
(58,13,58),
(59,13,59),
(60,13,60),
(61,13,61),
(62,13,62),
(63,13,32),
(64,13,64),
(65,13,65),
(66,13,66),
(67,13,67),
(68,13,68),
(69,13,69),
(70,13,70),
(71,13,71),
(91,77,91),
(92,77,92),
(93,77,93),
(94,77,94),
(95,77,95),
(96,77,96),
(97,77,97),
(98,77,83),
(99,77,16),
(100,77,100),
(101,77,83),
(102,77,102),
(103,77,103),
(104,77,104),
(105,77,105),
(106,77,106),
(107,156,107),
(108,156,108),
(109,156,109),
(110,156,110),
(111,156,111),
(112,156,112),
(113,156,113),
(114,156,114),
(115,156,115),
(116,156,116),
(117,156,117),
(118,156,118),
(119,156,119),
(120,158,120),
(121,158,121),
(122,158,107),
(123,158,123),
(144,158,144),
(145,158,145),
(146,158,146),
(163,158,2),
(168,158,168),
(169,158,169),
(170,158,170),
(171,158,171),
(172,158,172),
(173,203,44),
(174,203,174),
(175,203,175),
(176,203,176),
(177,203,176),
(179,143,179),
(180,143,41),
(181,143,2),
(182,143,162),
(183,143,124),
(184,143,127),
(185,143,185),
(186,143,186),
(187,143,147),
(188,203,188),
(189,203,189),
(190,203,38),
(191,203,191),
(192,156,192),
(193,156,193);
/*!40000 ALTER TABLE `users_unex_words` ENABLE KEYS */;
UNLOCK TABLES;
/*!40103 SET TIME_ZONE=@OLD_TIME_ZONE */;

/*!40101 SET SQL_MODE=@OLD_SQL_MODE */;
/*!40014 SET FOREIGN_KEY_CHECKS=@OLD_FOREIGN_KEY_CHECKS */;
/*!40014 SET UNIQUE_CHECKS=@OLD_UNIQUE_CHECKS */;
/*!40101 SET CHARACTER_SET_CLIENT=@OLD_CHARACTER_SET_CLIENT */;
/*!40101 SET CHARACTER_SET_RESULTS=@OLD_CHARACTER_SET_RESULTS */;
/*!40101 SET COLLATION_CONNECTION=@OLD_COLLATION_CONNECTION */;
/*!40111 SET SQL_NOTES=@OLD_SQL_NOTES */;

-- Dump completed on 2023-03-16 18:49:07
