-- MariaDB dump 10.19  Distrib 10.9.4-MariaDB, for Linux (x86_64)
--
-- Host: localhost    Database: TopLid
-- ------------------------------------------------------
-- Server version	10.9.4-MariaDB

/*!40101 SET @OLD_CHARACTER_SET_CLIENT=@@CHARACTER_SET_CLIENT */;
/*!40101 SET @OLD_CHARACTER_SET_RESULTS=@@CHARACTER_SET_RESULTS */;
/*!40101 SET @OLD_COLLATION_CONNECTION=@@COLLATION_CONNECTION */;
/*!40101 SET NAMES utf8mb4 */;
/*!40103 SET @OLD_TIME_ZONE=@@TIME_ZONE */;
/*!40103 SET TIME_ZONE='+00:00' */;
/*!40014 SET @OLD_UNIQUE_CHECKS=@@UNIQUE_CHECKS, UNIQUE_CHECKS=0 */;
/*!40014 SET @OLD_FOREIGN_KEY_CHECKS=@@FOREIGN_KEY_CHECKS, FOREIGN_KEY_CHECKS=0 */;
/*!40101 SET @OLD_SQL_MODE=@@SQL_MODE, SQL_MODE='NO_AUTO_VALUE_ON_ZERO' */;
/*!40111 SET @OLD_SQL_NOTES=@@SQL_NOTES, SQL_NOTES=0 */;

--
-- Table structure for table `admins`
--

DROP TABLE IF EXISTS `admins`;
/*!40101 SET @saved_cs_client     = @@character_set_client */;
/*!40101 SET character_set_client = utf8 */;
CREATE TABLE `admins` (
  `id` int(11) NOT NULL AUTO_INCREMENT,
  `username` varchar(512) NOT NULL,
  PRIMARY KEY (`id`),
  UNIQUE KEY `username` (`username`)
) ENGINE=InnoDB AUTO_INCREMENT=9 DEFAULT CHARSET=utf8mb4 COLLATE=utf8mb4_unicode_ci;
/*!40101 SET character_set_client = @saved_cs_client */;

--
-- Dumping data for table `admins`
--

LOCK TABLES `admins` WRITE;
/*!40000 ALTER TABLE `admins` DISABLE KEYS */;
INSERT INTO `admins` VALUES
(8,'/admin'),
(1,'fugguri'),
(2,'Son2421'),
(4,'Назад');
/*!40000 ALTER TABLE `admins` ENABLE KEYS */;
UNLOCK TABLES;

--
-- Table structure for table `chats`
--

DROP TABLE IF EXISTS `chats`;
/*!40101 SET @saved_cs_client     = @@character_set_client */;
/*!40101 SET character_set_client = utf8 */;
CREATE TABLE `chats` (
  `id` int(11) NOT NULL AUTO_INCREMENT,
  `chat` varchar(512) NOT NULL,
  `chat_num` int(11) DEFAULT NULL,
  `chat_title` text DEFAULT NULL,
  PRIMARY KEY (`id`),
  UNIQUE KEY `chat` (`chat`)
) ENGINE=InnoDB AUTO_INCREMENT=1416 DEFAULT CHARSET=utf8mb4 COLLATE=utf8mb4_unicode_ci;
/*!40101 SET character_set_client = @saved_cs_client */;

--
-- Dumping data for table `chats`
--

LOCK TABLES `chats` WRITE;
/*!40000 ALTER TABLE `chats` DISABLE KEYS */;
INSERT INTO `chats` VALUES
(1,'AboutBusinessnews',1726215181,'ПроБизнесНовости'),
(90,'kommercheskay',1712116640,'Коммерческая Недвижимость | Москва бизнес'),
(119,'kvartiryvmoskve',1607483225,'Продажа недвижимости — Москва'),
(166,'travlmechat',1588466758,'TravelMe | Недвижимость Москва и Санкт-Петербург'),
(179,'novosib_ndv',1685018906,'Недвижимость Новосибирска'),
(195,'Posredniki_Rus',1208767045,'БИЗНЕС ЧАТ | Предприниматели'),
(224,'freelead',1428955589,'БИЗНЕС ЧАТ | ПРЕДПРИНИМАТЕЛИ🤝'),
(291,'biznes_chat',1371121321,'БИЗНЕС-ЧАТ № 1 | Предприниматели'),
(359,'bk_kit',1235644054,'Бизнес-сообщество \"КИТ\"'),
(389,'seniorsql',1468396285,'Senior SQL Developer'),
(588,'forumdubai',1690810154,'ДубайЧё Чат • Жизнь в Дубае • Общение • Переезд'),
(787,'rent_in_dubai',1144748083,'Аренда Дубай: сдам/сниму'),
(844,'Fugguri_test',1845240182,'Tecтовая группа'),
(880,'frilancru',1289147868,'ФРИЛАНС ЧАТ | ФРИЛАНС БИРЖА'),
(917,'pybotg',1565231422,'Python Telegram Bot'),
(929,'UAE_chat',1480867611,'РУССКОЯЗЫЧНЫЕ В ОАЭ | ДУБАЙ ЧАТ'),
(930,'biznesuae',1282199221,'№1 Бизнес чат Дубай / Мероприятия, нетворкинг, общение и реклама в ОАЭ.'),
(935,'moscoworkk',1712857891,'РАБОТА и УСЛУГИ'),
(937,'exchange_reklama',1341594690,'Реклама | Биржа'),
(938,'adm_telegram',1403878209,'Реклама | Админы Телеграм'),
(939,'tgm_adm',1444874452,'Админы Телеграм | Реклама'),
(940,'tgm_trade',1434229785,'Реклама в Телеграм'),
(941,'python_job_board',1627075588,'Python Jobs | Работа | Вакансии | Удалёнка'),
(947,'got_ball',1673571257,'Взял Мяч'),
(948,'russkie_v_oae',1774160604,'Русские в ОАЭ'),
(950,'bizneschat_spb',1394279557,'Предприниматели Питера. Спб.'),
(951,'dubaybusiness',1632243429,'Бизнес чат в Дубае | Business chat in Dubai'),
(966,'\njob_in_dubai',1122708483,'Работа в Дубае (вакансии!)'),
(971,'\ndubaipaa',1449717059,'𝘿𝙪𝙗𝙖𝙞 𝙋𝙖𝙧𝙖𝙙𝙞𝙨𝙚 🖤 Чат Дубай'),
(982,'wheeloflifebalance',1591506631,'Wheel OF Life Balance Marathon'),
(992,'russiandxb',1522311586,'Русский Чат | Дубай | ОАЭ 🇦🇪'),
(994,'viza_dubai',1649903899,'Визы | ВНЖ | Дубай🇦🇪'),
(996,'apple_moskva',1202893205,'APPLE МОСКВА'),
(998,'Dubai_hous',1681986161,'ДУБАЙ | Недвижимость'),
(1000,'estate_oae',1500584918,'Недвижимость Дубай | Dubai estate 🏡'),
(1004,'dubaiapartments2022',1866833960,'Аренда жилья в Дубае | сдам | сниму'),
(1006,'renting_dubai',1820540275,'Дубай АРЕНДА: Сдам Сниму 🇦🇪'),
(1008,'Dubai_Calls_chat',1729064713,'Dubai Whales Chat 🇦🇪🚀🚀'),
(1043,'uFgI0_AlCs03MWM6',1593537014,'ПОКУПКА МЦА [SQD]'),
(1063,'beauty_masters_dubai',1654836276,'Бьюти Мастера Дубай | Каталог. Проверенные услуги и сервисы красоты ОАЭ. Поиск по процедурам. Beauty Masters Services Dubai UAE'),
(1064,'beauty_salons_uae',1880156034,'Услуги Салонов Красоты🇦🇪Реклама-Вакансии. Салоны и бьюти мастера в Дубай-ОАЭ. Beauty Services Dubai'),
(1069,'turkey_antalya_07',1881090983,'🇹🇷Анталия|Турция|Работа|Знакомства|Досуг|Деньги|Услуги|Недвижимость|'),
(1070,'mossdelka',1169171906,'МОСКОВСКИЕ СДЕЛКИ чат №1 недвижимость бизнес'),
(1071,'Cyprus_Prop',1459219615,'CypRus Недвижка'),
(1072,'stambyl_arenda',1355779330,'💤 СТАМБУЛ | жильё аренда недвижимость'),
(1073,'arendabatumi',1280719630,'💤 БАТУМИ | аренда жильё недвижимость сдам сниму'),
(1074,'saleme_realty',1511797057,'Черногория 🇲🇪| Недвижимость | Аренда | Продажа'),
(1075,'domvkoree',1493916647,'ДОМ. Вся Корея'),
(1076,'stroiteli_moskva',1162169448,'Строительство Москва Чат N1'),
(1077,'alaniya_arenda',1267939688,'💤 АЛАНЬЯ Махмутлар | жильё аренда недвижимость'),
(1078,'tele_360chat',1422160589,'Телеграм чаты | 360°'),
(1079,'chernogoria_realty',1205591080,'🏠 ЧЕРНОГОРИЯ | Аренда и продажа недвижимости'),
(1080,'mytbilisi_apartments',1696068385,'Квартиры Тбилиси 🏡 My Tbilisi Apartments | Недвижимость жилье аренда продажа Грузия'),
(1081,'VKrymuNedvizhimost',1191691069,'Крым недвижимость Симферополь Севастополь Ялта Евпатория Алушта Судак Коктебель Джанкой Феодосия Новый Свет Керчь Симеиз Алупка'),
(1082,'mersin_360',1751518460,'МЕРСИН | объявления барахолка.'),
(1083,'chermacchat',1282483009,'Первый федеральный чат недвижимости'),
(1084,'stroitelstvopiter',1605797167,'Строительство СПБ Чат №1'),
(1085,'relocation_dubai',1621470022,'Релокация в ОАЭ 🇦🇪'),
(1086,'Shri_Lanka_rent',1598711257,'Sri Lanka 🇱🇰 Аренда'),
(1087,'alanya_chat',1311874456,'Алания чат / Общение, объявления / Alanya chat'),
(1088,'Shri_Lanka_Tranfer',1596046807,'Sri Lanka 🇱🇰 Трансфер Попутчики'),
(1089,'StroitelstvoKrasnoyarsk',1227533688,'Строительство Красноярск Чат №1'),
(1090,'kazarenda',1319757351,'Казань Квартиры Аренда/Продажа'),
(1092,'moskvartira',1473698830,'КВАРТИРЫ МОСКВЫ'),
(1093,'postroim_svoi_dom_chat',1412368671,'Построим свой дом - чат'),
(1094,'rabota0404',1207342824,'Ремонт квартир, разнорабочие. Москва и МО'),
(1097,'SamostroiChat',1375037627,'СтройСам Чат'),
(1098,'stroitely_top',1353534404,'Строители Москвы. Чат'),
(1099,'zemelnye',1319994718,'Инвестиции в недвижимость ЮГА | Сочи'),
(1101,'stroiteli_vse_RF',1213286153,'Строители РФ. Чат.'),
(1102,'stroykaremont52',1344188060,'Стройка Ремонт Нижний Новгород Чат'),
(1103,'mesto_dlya_zhuzni',1655426488,'Место для жизни'),
(1108,'Kommerch',1386956438,'КОММЕРЧЕСКАЯ🏠 НЕДВИЖИМОСТЬ В МОСКВЕ и СПБ'),
(1110,'kv_v_minske',1331623578,'Сниму/сдам квартиру/комнату в Минске'),
(1111,'Stroitelstvo_all',1343174374,'СТРОИТЕЛЬСТВО Москва -Санкт-Петербург СНГ/DEVELOPMENT'),
(1112,'nsknedvizhka',1545213992,'Недвижимость Новосибирска'),
(1113,'dubaipaa',1449717059,'𝘿𝙪𝙗𝙖𝙞 𝙋𝙖𝙧𝙖𝙙𝙞𝙨𝙚 🖤 Чат Дубай'),
(1114,'chatdubai_OAE',1559738798,'ЧАТ🇦🇪ДУБАЙ |ОАЭ'),
(1115,'Dubaichat_ru',1426198525,'Дубай Чат 🇦🇪 Агрегатор'),
(1116,'LIFE_inDUBAI',1754415097,'LIFE | DUBAI 🕌 ЧАТ'),
(1117,'Dubai_Busines',1190897187,'ДУБАЙ | БИЗНЕС | ОАЭ'),
(1118,'vDubai_rus',1641031489,'в Дубае! Дубай чат, ОАЭ форум'),
(1119,'vopros_otvet_dubai',1143163901,'Дубай: вопрос/ответ'),
(1150,'realtorussia',1152212286,'Риэлторы России'),
(1163,'dubai_chatt',1863180912,'Дубай Чат ОАЭ 🇦🇪/ DUBAI Chat UAE 🇦🇪'),
(1164,'Dubai_chat',1302489200,'НАШИ В ОАЭ | ДУБАЙ ЧАТ 🇦🇪'),
(1166,'DubaiChatik',1159800797,'Дубай чатик 🇦🇪 | CHATIK'),
(1167,'ruchatdubai',1302396975,'РУССКИЕ В ДУБАЕ. ЧАТ ДУБАЙ'),
(1168,'DubaiRuBay',1729824932,'Русский DUBAI 🇦🇪 Чат, Вопрос/Ответ, Куплю/Продам, Обсуждения, Новости'),
(1169,'Dubai_informator',1809973885,'ДУБАЙ | INFO'),
(1170,'coworking_in_dubai',1564160336,'Деловой Дубай | Бизнес нетворкинг'),
(1171,'tvoidubai',1706983582,'Твой Дубай'),
(1172,'dubai_profi',1222252807,'СПЕЦИАЛИСТЫ Дубай🇦🇪 Профи'),
(1173,'dubai_svoi',1665526989,'СВОИ В ДУБАЕ 🇦🇪'),
(1174,'ryska_Dubai',1550841311,'в Дубае📢Чат Дубай📫ОАЭ🏖Visit Dubai✈'),
(1175,'MSKDOM24',1608191907,'🇷🇺Москва - Эмираты, Дубай ОАЭ🚀, обмен валюты, форум, чат, сообщество ru/eu/us.'),
(1176,'dubaiskyi_dvij',1890121105,'Дубайский Движ / Нетворк и мероприятия'),
(1177,'dubai_diamond',1708645322,'𝐃𝐮𝐛𝐚𝐢 𝐃𝐢𝐚𝐦𝐨𝐧𝐝 💎 Дубай чат'),
(1178,'russians_in_dubaii',1628436887,'Русские в Дубае | ОАЭ 🇷🇺🇦🇪'),
(1179,'UAE_Go',1634544111,'ОАЭ | GO'),
(1180,'vdeledubai',1695266754,'Жизнь и Бизнес в Дубай'),
(1181,'dubai_russo',1672637846,'Русские в Дубае | Dubai'),
(1182,'networkers_dubai',1547284677,'Дубай Нетворкинг'),
(1183,'russkie_v_dubae_choogl',1298845214,'Русские в Дубае☝️'),
(1185,'dubaipartnersbook',1446576491,'Dubai Partnersbook Мероприятия'),
(1186,'uae_lawyer',1530173784,'Lawyer_UAE / Юрист ОАЭ'),
(1187,'dubai_granitsa',1562330741,'ОАЭ Эмираты Чат'),
(1188,'tutdubai',1611947303,'Дубай | ОАЭ 🇦🇪 | ЧАТ: НЕДВИЖИМОСТЬ'),
(1189,'uaechatt',1663871206,'ОАЭ чат'),
(1190,'Russo_Dubai_chat',1671964194,'Чат Дубай! Russo turisto...'),
(1191,'BusinessDXB1',1732542805,'Business Dubai 🇦🇪 wholesale, partnerships, deals'),
(1192,'uae_chat_rus',1538081029,'Релокация в ОАЭ 🇦🇪 🏙'),
(1193,'chatrussianemirates',1530210948,'Чат Русские Эмираты'),
(1194,'hhjij8',1797486026,'ДУБАЙ / Деловые знакомства'),
(1195,'Dubai_Go_Travel',1693339888,'ДУБАЙ | ЧАТ'),
(1196,'dubaimastermind500',1749764923,'Нетворкинг | Дубай | Бизнес Разборы | Мастермайнд'),
(1197,'business_monopoly_dubai',1589321184,'Business Monopoly Dubai Chat'),
(1198,'dubai_expats',1314765817,'Дубай чат | экспаты ОАЭ'),
(1199,'chat_dubai_emirates',1684475389,'Обьявления дубай, работа, куплю, продам, найму, ищу…'),
(1200,'DubaiBaraholaka',1569452735,'Дубай Абу-Даби Общение - Объявления'),
(1201,'business_dubai_uae',1807608187,'Бизнес Дубай • Предприниматели ОАЭ, поставщики, производители, продавцы, нетворкинг, деловые связи, инвестиции'),
(1202,'DXBnetworking',1697190416,'Dubai | Networking'),
(1203,'DubaiInvestments_26',1387934757,'Дубай. Инвестиции'),
(1204,'autodubaigroup',1545737583,'Авто Dubai 🚘🇦🇪 обсуждаем |права|аренда| и т.д'),
(1205,'emirates_woman',1276542342,'Дубай чат ОАЭ | WomanChat'),
(1206,'saudovskaya_araviya',1131248557,'🇸🇦 Саудовская Аравия чат'),
(1207,'Dubai7799',1858628876,'Понаехали in Dubai🇦🇪'),
(1208,'mycityisdubai',1564528745,'ДУБАЙ 🕌'),
(1209,'womanDubai',1510963301,'🇦🇪 ЖЕНСКИЙ ЧАТ ОАЭ | ДУБАЙ'),
(1210,'kudadubaichat',1754213554,'Куда Дубай (чат)'),
(1211,'dubai_tysa',1456364861,'🐾 ДУБАЙ | отдых, попутчики, знакомства'),
(1212,'chatoae',1730605246,'ДУБАЙ | чат - форум ОАЭ - СНГ'),
(1213,'rcDUBAI_2022',1296721502,'Наши в DUBAI ОАЭ 2023'),
(1214,'uae_ad',1373203400,'ОАЭ-Объявления 🇦🇪 UAE-AD'),
(1215,'forumUAE',1899479152,'Объявления Дубай 🇦🇪 DUBAI'),
(1216,'dubay4ik',1105039822,'Дубай Чат, ОАЭ Чат'),
(1217,'oae_topchat',1155510299,'ОАЭ. Чат'),
(1218,'creativedubai',1649710967,'КРЕАТИВ туса / АФИША МЕРОПРИЯТИЯ / Дубай ОАЭ ЭМИРАТЫ'),
(1219,'kyrgysz_in_dubai',1780902433,'Кыргызы в Дубае | Дубайдагы кыргыздар'),
(1220,'zhenskiy_dubai',1758929156,'🇦🇪 Дубай Женский чат | ОАЭ'),
(1221,'OBRATNOV_UAE',1459150127,'ХОТИМОБРАТНО В ОАЭ.Chat.'),
(1222,'OAE_dubaimoney',1793386771,'Обмен валют Дубай | Dubai'),
(1223,'sharjashat',1694831246,'Шарджа Чат|Русские в Эмиратах'),
(1224,'lifeinksa',1742319380,'Саудовская Аравия ЧАТ 💬'),
(1225,'infadubai',1720029343,'ИНФА Дубай'),
(1226,'Kazakhstan_dubai_uae',1848041459,'КАЗАХИ В ОАЭ 🇦🇪 Казахстан в Дубае | Форум - Чат'),
(1227,'Russia_Emirates',1555759184,'Русские | ОАЭ | Дубай'),
(1228,'davayvdubai',1899228252,'Чат🇦🇪Мама я в Дубае'),
(1229,'dubai_uae_chat',1514091674,'Дубай и другие Эмираты ОАЭ🇦🇪'),
(1230,'Life_in_Dubai_TM',1565416878,'Жизнь в Дубае, ОАЭ 🇦🇪 (чат, общение, родители, мамы, папы, дети, семья, переезд, работа, услуги, Иммиграция,)'),
(1231,'abudabi_chat',1654978529,'Абу-Даби чат | ОАЭ'),
(1238,'DubaiVChate',1685023910,'🇦🇪 Дубай ВЧате'),
(1243,'AbuDhabiChatik',1475640841,'Абу-Даби чатик 🇦🇪 | CHATIK'),
(1250,'dubai_rus',1478701867,'Дубай на русском | ОАЭ Russian in Dubai Чат'),
(1255,'obnovleniedubai',1519008460,'#ObnovlenieDubai: fashion-festival'),
(1260,'dubai_chat2',1771372155,'Дубай чат | ОАЭ'),
(1264,'dubai_topchat',1880416974,'Дубай. Чат'),
(1265,'dubai_oae_expats',1786914489,'🇦🇪 ЧАТ ДУБАЙ / ЭКСПАТЫ ОАЭ'),
(1266,'dybaigo',1727373033,'ДУБАЙ | Go'),
(1268,'livingindubai',1434791089,'ДУБАЙ ЧАТ (2020)'),
(1269,'dubai_rus_chat',1707521800,'Дубай Чат Вопрос-Ответ🇦🇪! ВНЖ! Услуги, знакомства!'),
(1270,'dubai_chat_oae',1674303384,'Чат ДУБАЙ'),
(1276,'predprinimateli_msk',1241566769,'Предприниматели Москвы. Мск.'),
(1277,'predprinimateli_rus',1350483767,'Предприниматели России. Бизнес-чат'),
(1278,'predprinimateli_kzn',1399045152,'Предприниматели Казани и Татарстана. Бизнес-чат'),
(1279,'net_workchat',1664792639,'Нетворкинг-чат | Клуб инвестиционного нетворкинга.'),
(1280,'aboutinvestment',1233168258,'Клуб Инвестиционного Нетворкинга,'),
(1281,'ipeople_club',1404186879,'INVESTPEOPLE Открытый чат для гостей клуба РФ.'),
(1284,'Real_Life_UAE',1250695910,'Реальная жизнь в ОАЭ'),
(1285,'ustupkaspb',1684905954,'Переуступки новостройки СПБ'),
(1290,'oae_arenda',1169825982,'💤 ОАЭ недвижимость | жильё в Дубае'),
(1291,'Roomy_Dubai',1523841615,'Roomy Dubai - аренда студии, квартиры, комнат и койко-мест, снять и сдать Дубай.'),
(1294,'chatrudubai',1871552086,'Dubai'),
(1295,'uae_talk_Dubai',1190532643,'Русскоязычные в ОАЭ 🇦🇪'),
(1306,'chat_dubai',1708076550,'Русские в Дубае 🇦🇪'),
(1313,'ozon_pro',1476588544,'PRO Ozon'),
(1314,'biznes_chat2',1689590275,'Бизнес Чат | Предприниматели'),
(1317,'chinaforbiz',1667911979,'CFB🇨🇳 Доставка из Китая | Карго | Alipay | 1688 | Таобао'),
(1318,'marketplace_sellers_chat',1555069454,'Marketplace Поставщики'),
(1319,'Wizardia',1529379466,'Wizardia'),
(1320,'BiznesKontakti',1393051235,'Предприниматели👥Не ешьте один!'),
(1321,'wbestchat',1597986462,'WB лучшие поставщики'),
(1322,'eacportal_sertification',1544915848,'Сертификация для маркетплейсов.Складчина.Торговая марка. Честный знак. Документы Wildberries OZON Каспий, декларации,сертификаты'),
(1323,'pro_busnes',1670368395,'По делу | Бизнес-журнал'),
(1324,'MPHelp_CLUB',1663046646,'Сервисы аналитики MPHelp CLUB'),
(1325,'Sertifikati1613',1619366351,'СЕРТИФИКАТЫ для Маркетплейсов'),
(1326,'wildberries_community',1571738379,'Wildberries | Сообщество поставщиков'),
(1327,'ocenkanedvigimosti',1550680811,'Оценка недвижимости (Оценка квартир, домов, земельных участков, автомобилей, коммерческой недвижимости, оборудования)'),
(1328,'SellersHUBofficial',1726971674,'Хаб селлеров WB и Озон: учись, общайся, работай | SellersHUB'),
(1329,'wildb2022',1641240307,'WB | Выкупы'),
(1330,'reklama_bloggers_wb',1448748521,'🏆РЕКЛАМА WILDBERRIES'),
(1331,'marketplace_markirovka',1255611841,'Маркетплейсы&Марки&ВЭД'),
(1332,'chinaasia',1416636013,'Китай'),
(1333,'marketplace_chat_postavshikov',1654513414,'Маркетплейс•чат поставщиков•'),
(1334,'wildberriespostavshiki',1594936697,'WILDBERRIES Поставщики'),
(1335,'cert_mp',1212330951,'СЕРТИФИКАЦИЯ 📄 ЦЕНТР'),
(1336,'biznesmoskvanews',1674742194,'Бизнес Мероприятия Москва. Афиша и События'),
(1337,'actbiz',1467863524,'Фулфилмент ABC'),
(1338,'ru_marketplace',1415521854,'MPsolutions: Wildberries, Ozon, Yandex market.'),
(1339,'sertficat_chat',1229291108,'🔝Чат | СЕРТИФИКАТЫ | ДЕКЛАРАЦИИ | ОТКАЗНЫЕ ✉️Ozon - WB - ЯНДЕКС. Маркет'),
(1340,'PRkHIJYz3EUyMzky',1558435116,'Менеджеры для маркетплейсов'),
(1341,'mpgroup_docs',1451885824,'Сертификаты на товар для Wildberries, Ozon и др. Маркетплейсов | чат MP Group'),
(1342,'restodays',1584015504,'Рестораторы | Чат'),
(1343,'wbreklama161',1559820390,'WILDBERRIES РЕКЛАМА в Instagram, VK, Telegram'),
(1344,'chatwb_mp',1775117033,'wildberries •чат поставщиков WB•'),
(1345,'FirmConsulting',1176823806,'ФИРМЫ, НДС, КОНСАЛТИНГ'),
(1346,'fincomtech_24',1619081630,'ФинКомТех | Сообщество предпринимателей 💬'),
(1347,'chat_marketplace_YM',1172264645,'Чат партнёров Яндекс Маркета'),
(1348,'mpgroup_china',1404582940,'Доставка из Китая в РФ для Wildberries, Ozon | Чат MP Group'),
(1349,'wiq_official',1105182952,'WIQ.RU (Чат пользователей) 💰ЗАРАБОТОК💰'),
(1350,'mpgroup_fulfillment',1422161045,'Фулфилмент для WB, Ozon | FBS, FBO, mаркетплейсы, Wilbderries | MP Group'),
(1351,'content4marketplace',1159612916,'Чат Сборные Съёмки для Маркетплейсов Питер спб | Москва'),
(1352,'vezhlivayapomow',1765653952,'Вежливая Помощь Поставщикам👨‍💼👩‍💼OZON/WB'),
(1354,'moscow_barakholka',1827062884,'БАРАХОЛКА Москва и МО'),
(1355,'baraholkaMoskvaMO',1474473719,'БАРАХОЛКА МОСКВЫ И МО. УСЛУГИ. ОБЪЯВЛЕНИЯ🛍'),
(1356,'Avito_Moscow1',1726385746,'АВИТО - Южное Бутово | Барахолка | Москва | ЮЗАО'),
(1357,'baraxolka_97',1445645481,'БАРАХОЛКА МОСКВА 🎁'),
(1358,'baraholkamskchat',1643912350,'Барахолка Москва и МО'),
(1359,'namremont',1785517349,'РЕМОНТ | МОСКВА'),
(1361,'mama_mosk',1653830520,'Мамы Московского💋 @mm-mo'),
(1362,'ChatMoscowNews',1783609003,'Чат Москвы'),
(1363,'new_vostok',1570537673,'Восточный | Люди района'),
(1364,'new_ivanovskoe',1737294625,'Ивановское | Люди района'),
(1365,'new_izmaylovo',1230771767,'Измайлово | Люди района'),
(1366,'new_uhtomka_event',1280328978,'Косино-Ухтомский | Люди района'),
(1367,'new_metrogorodok',1793843693,'Метрогородок | Люди района'),
(1368,'novogireevo_events',1530727689,'Новогиреево | Люди района'),
(1369,'perovo_event',1572819243,'Перово | Люди района'),
(1370,'new_preobrajenka',1766175938,'Преображенское | Люди района'),
(1371,'new_sokolinaya_gora',1518419308,'Соколиная Гора | Люди района'),
(1372,'new_izmaylovo_sever',1761347945,'Северное Измайлово | Люди района'),
(1373,'moybasman',1556489778,'Басманный | Люди района'),
(1374,'moykrasnoselski',1551794919,'Красносельский | Люди района'),
(1375,'meshanski',1633020572,'Мещанский | Люди района'),
(1376,'moypresnenskiy',1765518212,'Пресненский | Люди района'),
(1377,'moytverskoy',1745727466,'Тверской | Люди района'),
(1378,'moihamovniki',1706033050,'Хамовники | Люди района'),
(1379,'newbegovoy',1594524125,'Беговой | Люди района'),
(1380,'newbeskudnikovo',1551149028,'Бескудниковский | Люди района'),
(1381,'new_voikovskiy',1631990882,'Войковский | Люди района'),
(1382,'new_vostochnoe_degunino',1583211553,'Восточное Дегунино | Люди района'),
(1383,'new_zapadnoe_degunino',1516302502,'Западное Дегунино | Люди района'),
(1384,'new_koptevo',1709630272,'Коптево | Люди района'),
(1385,'new_levoberejniy',1612221737,'Левобережный | Люди района'),
(1386,'new_moljaninovskiy',1559929467,'Молжаниновский | Люди района'),
(1387,'newsavelovskiy',1370376124,'Савеловский | Люди района'),
(1388,'new_sokol',1559634471,'Сокол | Люди района'),
(1389,'new_hovrino',1681029444,'Ховрино | Люди района'),
(1390,'newhoroshevskiy',1501430154,'Хорошёвский | Люди района'),
(1391,'shabashkaMoscow2023',1662495652,'Москва | Общение | Россия |Удалённая работа | Шабашка | Работа'),
(1395,'moscowmapchat',1079751651,'Москвичи (чат)'),
(1398,'moscow_tmc',1640605056,'️️🏙 Москва чат • Moscow chat • Сообщество Группа • Community Group'),
(1399,'vakansii_besplatno',1365744314,'ЧАТ|РАБОТА|МОСКВА'),
(1400,'uvao_mosk',1153518146,'ЮВАО чат'),
(1401,'chat_vao',1747351227,'Чат ВАО г. Москва'),
(1402,'markettvmoscva',1798099506,'Маркет Москва'),
(1403,'svetakvartira3',1765082011,'РЕКЛАМА❤️ОБЪЯВЛЕНИЯ❤️ПИАР ❤️ Бизнес Чат РОССИЯ МОСКВА, КРАСНОДАР И ВСЕ, ВСЕ, ВСЕ...'),
(1404,'tehnika_moskva',1328467079,'ТЕХНИКА МОСКВА'),
(1405,'krasota_moskva',1379086344,'КРАСОТА МОСКВА'),
(1406,'uslugi_moskvaa',1497366114,'УСЛУГИ МОСКВА'),
(1407,'krasnogorskchat',1429716151,'Главный чат Красногорска'),
(1408,'jk2119',1121458603,'ЖК Кварталы 21/19 :: чат жителей ::'),
(1409,'moskvauslugi',1682065092,'Москва Ремонт Стройка Электрик Сантехник Разное'),
(1410,'Moscowadsfree',1412590845,'Объявления Москва');
/*!40000 ALTER TABLE `chats` ENABLE KEYS */;
UNLOCK TABLES;

--
-- Table structure for table `keywords`
--

DROP TABLE IF EXISTS `keywords`;
/*!40101 SET @saved_cs_client     = @@character_set_client */;
/*!40101 SET character_set_client = utf8 */;
CREATE TABLE `keywords` (
  `id` int(11) NOT NULL AUTO_INCREMENT,
  `word` varchar(512) NOT NULL,
  PRIMARY KEY (`id`),
  UNIQUE KEY `word` (`word`)
) ENGINE=InnoDB AUTO_INCREMENT=211 DEFAULT CHARSET=utf8mb4 COLLATE=utf8mb4_unicode_ci;
/*!40101 SET character_set_client = @saved_cs_client */;

--
-- Dumping data for table `keywords`
--

LOCK TABLES `keywords` WRITE;
/*!40000 ALTER TABLE `keywords` DISABLE KEYS */;
INSERT INTO `keywords` VALUES
(15,'/start'),
(2,'Btdhb'),
(161,'Cond Dubai'),
(160,'Cond Phuket'),
(162,'Condo Dubai'),
(159,'Condo Phuket'),
(154,'Condominium Dubai'),
(155,'Condominium Dubau'),
(158,'Condominium Pattaya'),
(157,'Condominium Phuket'),
(156,'Condominium Tai'),
(47,'info'),
(16,'python'),
(50,'Аренда'),
(49,'Аренда машин'),
(48,'Аренда машин Москва'),
(51,'Арендую'),
(17,'бот'),
(77,'Ботокс'),
(196,'виза'),
(206,'Визой'),
(205,'Визу'),
(75,'Губы'),
(210,'Джипинг'),
(128,'Дубай'),
(117,'Инвест'),
(130,'Инвест в Дубай'),
(131,'Инвест в Таи'),
(132,'Инвест в Тай'),
(22,'Инвестировать в недвижимость'),
(114,'Инвестирую'),
(41,'Инвестирую в недвижимость'),
(125,'Инвестирую в Новострой'),
(85,'Инвестирую в новостройку'),
(80,'Инвестиции'),
(129,'Инвестиции в Дубай'),
(116,'Инвестиции в недвижимость'),
(134,'Инвестиции в Таи'),
(136,'Инвестиции в Таиланд'),
(133,'Инвестиции в Тай'),
(135,'Инвестиции в Тайланд'),
(83,'Инвестор'),
(88,'Интересует недвижимость'),
(89,'Интересует покупка'),
(76,'Инъекции'),
(12,'Ищу'),
(110,'Ищу агента'),
(5,'Ищу квартиру'),
(10,'Ищу клиентов'),
(21,'Ищу недвижимость'),
(43,'Ищу продюсера'),
(111,'Ищу риелтора'),
(204,'Как сделать визу'),
(34,'Квартира'),
(30,'Квартира в Дубае'),
(181,'Квартира МО'),
(35,'Квартиру'),
(119,'Коплю конд'),
(74,'Косметолог'),
(46,'Кто занимается продвижением телеграмм каналов'),
(203,'Кто поможет с визой'),
(8,'Кулю дом'),
(99,'Купим'),
(101,'Купим квартиру'),
(102,'Купим недвижимость'),
(13,'Купить'),
(146,'Купить конд'),
(148,'Купить кондо'),
(147,'Купить кондоминимум'),
(26,'Купить новостройку'),
(14,'Купить рекламу'),
(3,'куплю'),
(152,'Куплю cond'),
(153,'Куплю condo'),
(151,'Куплю condominium'),
(67,'Куплю iPhone'),
(121,'Куплю villa'),
(24,'Куплю апартаменты'),
(118,'Куплю апарты'),
(25,'Куплю виллу'),
(86,'Куплю вторичку'),
(87,'Куплю дом'),
(171,'Куплю иск'),
(6,'Куплю квартиру'),
(39,'Куплю квартиру в Москве'),
(180,'Куплю квартиру МО'),
(149,'Куплю конд'),
(150,'Куплю кондоминимум'),
(165,'Куплю мск'),
(81,'Куплю недвижимость'),
(109,'Куплю Новострой'),
(164,'Куплю Новострой мск'),
(40,'Куплю новостройку'),
(4,'Куплю рекламу'),
(20,'Недвижемость'),
(78,'Недвижимость'),
(142,'Недвижимость Бали'),
(27,'Недвижимость в Дубае'),
(29,'Недвижимость в Таиланде'),
(28,'Недвижимость в Тайланде'),
(170,'Недвижимость МСК'),
(143,'Недвижимость Патая'),
(144,'Недвижимость ПТТ'),
(141,'Недвижимость Пхукет'),
(140,'Недвижимость Таи'),
(138,'Недвижимость Тай'),
(127,'Недвижка в Дубае'),
(145,'Недвижка птт'),
(139,'Недвижка Таи'),
(137,'Недвижка Тай'),
(123,'Новострой'),
(166,'Новострой мск'),
(168,'Новостройка Москвы'),
(169,'Новостройки Москвы'),
(167,'Новостройки мск'),
(187,'Нужен агент'),
(45,'Нужен продюсер'),
(185,'Нужен риелтор'),
(186,'Нужен риэлтор'),
(188,'Нужен специалист по недвижимости'),
(202,'Нужна виза'),
(36,'Нужна квартира'),
(11,'Нужны клиенты'),
(209,'Покататься за рулем джипа'),
(71,'продам'),
(90,'Продам квартиру'),
(84,'Продам квартиру в Москве'),
(179,'Продам квартиру мск'),
(60,'слово'),
(7,'Сниму квартиру'),
(195,'Строительство'),
(200,'сьем'),
(1,'Текст'),
(201,'услуга'),
(73,'франшиза');
/*!40000 ALTER TABLE `keywords` ENABLE KEYS */;
UNLOCK TABLES;

--
-- Table structure for table `unex_words`
--

DROP TABLE IF EXISTS `unex_words`;
/*!40101 SET @saved_cs_client     = @@character_set_client */;
/*!40101 SET character_set_client = utf8 */;
CREATE TABLE `unex_words` (
  `id` int(11) NOT NULL AUTO_INCREMENT,
  `word` varchar(512) NOT NULL,
  PRIMARY KEY (`id`),
  UNIQUE KEY `word` (`word`)
) ENGINE=InnoDB AUTO_INCREMENT=67 DEFAULT CHARSET=utf8mb4 COLLATE=utf8mb4_unicode_ci;
/*!40101 SET character_set_client = @saved_cs_client */;

--
-- Dumping data for table `unex_words`
--

LOCK TABLES `unex_words` WRITE;
/*!40000 ALTER TABLE `unex_words` DISABLE KEYS */;
INSERT INTO `unex_words` VALUES
(40,'instagram'),
(1,'ntrcn'),
(4,'OAdmin'),
(21,'Pand and Bear'),
(34,'АВТОМАТИЧЕСКАЯ РАССЫЛКА'),
(57,'Аккаунты'),
(20,'Акции'),
(51,'Вот'),
(61,'Выведем средства'),
(64,'Выход рекламы'),
(66,'Дежурные контакты'),
(39,'дизайнер'),
(37,'добро пожаловать'),
(25,'Добро пожаловать в наш чат'),
(13,'Доход'),
(26,'Идет набор на рекламу'),
(59,'Ищу вложения'),
(49,'Ищу инвестиции'),
(47,'Ищу инвестора'),
(62,'Коллеги'),
(60,'Купим аккаунт'),
(36,'куратор'),
(44,'курьер'),
(12,'Маркетинг'),
(38,'менеджер'),
(22,'Нужны инвестиции в бизнес?'),
(58,'Переведем'),
(31,'Переходи к нам'),
(27,'Помогу'),
(8,'Помогу купить квартиру'),
(9,'Помогу продать квартиру'),
(35,'Помощь в получении'),
(42,'порно'),
(18,'Предлагаю'),
(56,'Приглашаем'),
(14,'Продается'),
(2,'Продам'),
(33,'Продам квартиру'),
(23,'Продам рекламу'),
(41,'продамрекламу'),
(24,'психология, денежное мышление, трансформация, саморазвитие'),
(46,'Работа удаленно'),
(32,'Реклама'),
(30,'Рекламируем'),
(29,'Рекламирую'),
(16,'Ремонт'),
(28,'Решу'),
(15,'Сдается'),
(11,'Сетевым'),
(3,'Список чатов'),
(54,'Ставки'),
(19,'тест'),
(45,'тинькофф'),
(10,'Топ инвестиций'),
(48,'Ты'),
(65,'Фитнес'),
(52,'Хотите'),
(43,'эротика');
/*!40000 ALTER TABLE `unex_words` ENABLE KEYS */;
UNLOCK TABLES;

--
-- Table structure for table `users`
--

DROP TABLE IF EXISTS `users`;
/*!40101 SET @saved_cs_client     = @@character_set_client */;
/*!40101 SET character_set_client = utf8 */;
CREATE TABLE `users` (
  `id` int(11) NOT NULL AUTO_INCREMENT,
  `telegram_id` bigint(20) NOT NULL,
  `full_name` text DEFAULT NULL,
  `username` text DEFAULT NULL,
  `pay_end` text DEFAULT NULL,
  `is_all_chats` int(11) DEFAULT 1,
  `click_left` int(11) NOT NULL DEFAULT 0,
  PRIMARY KEY (`id`),
  UNIQUE KEY `telegram_id` (`telegram_id`)
) ENGINE=InnoDB AUTO_INCREMENT=64 DEFAULT CHARSET=utf8mb4 COLLATE=utf8mb4_unicode_ci;
/*!40101 SET character_set_client = @saved_cs_client */;

--
-- Dumping data for table `users`
--

LOCK TABLES `users` WRITE;
/*!40000 ALTER TABLE `users` DISABLE KEYS */;
INSERT INTO `users` VALUES
(1,248184623,'Никита Радзюк','fugguri','2023-01-26',0,64),
(2,5909883622,'Ппппп','popidal','2023-01-24',1,2),
(3,1358110465,'Ilya','son2421','2023-01-24',1,183),
(6,439480420,'𒆜𝔸𝕝𝕖𝕩𝕖𝕪𒆜','al8891','2023-01-25',1,2),
(11,565331673,'Мастер По всем вопросам','masternavseruki1','2022-12-25',1,2),
(12,5775778456,'I N','izzat_nasri','2023-01-26',1,2),
(13,309276932,'Илья Бабайцев | Инвестиции в недвижимость','ilia_babaycev','2023-01-27',1,194),
(14,1026968356,'S','esofcos7','2022-12-27',1,0),
(15,1806092395,'Рабочий аккаунт','jobaccount21','2023-01-28',1,0),
(16,270027852,'Кирилл Игнатьев','Ignatiev_Kirill','2022-12-28',1,0),
(17,557307227,'Александр','kontextologiya','2022-12-29',1,0),
(19,730881710,'Стас','Stasyan1703','2023-01-30',1,10),
(24,121259833,'Екатерина','kate4342','2023-02-05',0,1),
(25,5593323077,'Прапорщик Жуков','hccgciviv','2023-02-04',1,0),
(26,5763720621,'um','jjmax96','2023-01-03',1,0),
(29,495456546,'Viktor','VIKTORBLUMTT','2023-02-05',1,200),
(35,1258998616,'Yana Marakulina','yanamarakulina','2023-01-04',1,0),
(36,5956963634,'Artem','tema2727','2023-01-06',1,0),
(37,425120041,'Алексей Читает','spacer1','2023-02-07',1,10),
(41,798699603,'Константин','directdealnsk','2023-01-07',1,0),
(44,1696210936,'Little-pony','bladerx','2023-01-09',1,0),
(48,5623479682,'Баха','Baha89224415551','2023-01-09',1,0),
(50,2023958455,'Jahonbek','jonich_reklama','2023-01-11',1,0),
(56,956963443,'benzomane','richwavee','2023-01-13',1,0),
(57,559548960,'Оксана',NULL,'2023-01-14',1,0),
(58,5250502260,'Тестом','Botovodtest','2023-01-14',1,0),
(60,669662245,'Alexandr Udacha','Alex_S_55','2023-02-16',1,10),
(61,465335836,'Kirill Kukuev','Kirill8645','2023-01-15',1,0),
(62,1472283025,'Alexey',NULL,'2023-01-15',1,0),
(63,1097675192,'Sergey','Sergey3234','2023-01-15',1,0);
/*!40000 ALTER TABLE `users` ENABLE KEYS */;
UNLOCK TABLES;

--
-- Table structure for table `users_chats`
--

DROP TABLE IF EXISTS `users_chats`;
/*!40101 SET @saved_cs_client     = @@character_set_client */;
/*!40101 SET character_set_client = utf8 */;
CREATE TABLE `users_chats` (
  `id` int(11) NOT NULL AUTO_INCREMENT,
  `user_id` int(11) NOT NULL,
  `chat_id` int(11) NOT NULL,
  PRIMARY KEY (`id`),
  KEY `user_id` (`user_id`),
  KEY `chat_id` (`chat_id`) USING BTREE,
  CONSTRAINT `users_chats_ibfk_1` FOREIGN KEY (`user_id`) REFERENCES `users` (`id`),
  CONSTRAINT `users_chats_ibfk_2` FOREIGN KEY (`chat_id`) REFERENCES `chats` (`id`)
) ENGINE=InnoDB AUTO_INCREMENT=1415 DEFAULT CHARSET=utf8mb4 COLLATE=utf8mb4_unicode_ci;
/*!40101 SET character_set_client = @saved_cs_client */;

--
-- Dumping data for table `users_chats`
--

LOCK TABLES `users_chats` WRITE;
/*!40000 ALTER TABLE `users_chats` DISABLE KEYS */;
INSERT INTO `users_chats` VALUES
(90,3,90),
(119,3,119),
(166,3,166),
(179,3,179),
(224,3,224),
(291,3,291),
(359,3,359),
(588,15,588),
(929,3,929),
(930,3,930),
(948,3,948),
(951,3,951),
(952,15,787),
(966,15,966),
(971,15,971),
(992,24,992),
(994,24,994),
(996,3,996),
(1044,3,1043),
(1046,1,844),
(1062,1,982),
(1063,24,1063),
(1064,24,1064),
(1065,3,90),
(1066,3,119),
(1067,3,166),
(1068,3,179),
(1069,3,1069),
(1070,3,1070),
(1071,3,1071),
(1072,3,1072),
(1073,3,1073),
(1074,3,1074),
(1075,3,1075),
(1076,3,1076),
(1077,3,1077),
(1078,3,1078),
(1079,3,1079),
(1080,3,1080),
(1081,3,1081),
(1082,3,1082),
(1083,3,1083),
(1084,3,1084),
(1085,3,1085),
(1086,3,1086),
(1087,3,1087),
(1088,3,1088),
(1089,3,1089),
(1090,3,1090),
(1091,3,930),
(1092,3,1092),
(1093,3,1093),
(1094,3,1094),
(1095,3,90),
(1096,3,1076),
(1097,3,1097),
(1098,3,1098),
(1100,3,90),
(1101,3,1101),
(1102,3,1102),
(1103,3,1103),
(1108,3,1108),
(1110,3,1110),
(1111,3,1111),
(1112,3,1112),
(1113,3,1113),
(1114,3,1114),
(1115,3,1115),
(1116,3,1116),
(1117,3,1117),
(1118,3,1118),
(1119,3,1119),
(1120,3,1076),
(1125,3,90),
(1135,3,1076),
(1138,3,1099),
(1140,3,90),
(1150,3,1150),
(1151,3,1079),
(1152,3,1110),
(1153,3,588),
(1154,3,1113),
(1155,3,1114),
(1156,3,1115),
(1157,3,1116),
(1158,3,1117),
(1159,3,1118),
(1160,3,1119),
(1161,3,929),
(1162,3,948),
(1163,3,1163),
(1164,3,1164),
(1165,3,930),
(1166,3,1166),
(1167,3,1167),
(1168,3,1168),
(1169,3,1169),
(1170,3,1170),
(1171,3,1171),
(1172,3,1172),
(1174,3,1174),
(1175,3,1175),
(1176,3,1176),
(1178,3,1178),
(1179,3,1179),
(1180,3,1180),
(1181,3,1181),
(1183,3,1183),
(1184,3,951),
(1185,3,1185),
(1186,3,1186),
(1190,3,1190),
(1191,3,1191),
(1192,3,1192),
(1193,3,1193),
(1194,3,1194),
(1195,3,1195),
(1196,3,1196),
(1197,3,1197),
(1198,3,1198),
(1199,3,1199),
(1200,3,1200),
(1201,3,1201),
(1202,3,1202),
(1203,3,1203),
(1204,3,1204),
(1205,3,1205),
(1206,3,1206),
(1207,3,1207),
(1208,3,1208),
(1209,3,1209),
(1210,3,1210),
(1211,3,1211),
(1212,3,1212),
(1213,3,1213),
(1214,3,1214),
(1215,3,1215),
(1216,3,1216),
(1217,3,1217),
(1218,3,1218),
(1219,3,1219),
(1220,3,1220),
(1221,3,1221),
(1222,3,1222),
(1223,3,1223),
(1224,3,1224),
(1225,3,1225),
(1226,3,1226),
(1227,3,1227),
(1228,3,1228),
(1229,3,1229),
(1230,3,1230),
(1231,3,1204),
(1232,3,1205),
(1233,3,1206),
(1234,3,1207),
(1235,3,1208),
(1236,3,1209),
(1237,3,1238),
(1238,3,1210),
(1239,3,1211),
(1240,3,1212),
(1241,3,1213),
(1242,3,1243),
(1243,3,1214),
(1244,3,1215),
(1245,3,1216),
(1246,3,1217),
(1247,3,1218),
(1248,3,1219),
(1249,3,1250),
(1250,3,1220),
(1251,3,1221),
(1252,3,1222),
(1253,3,1223),
(1254,3,1255),
(1255,3,1225),
(1256,3,1226),
(1257,3,1227),
(1258,3,1228),
(1259,3,1260),
(1260,3,1229),
(1261,3,1230),
(1262,3,1231),
(1263,3,1264),
(1264,3,1265),
(1265,3,1266),
(1266,3,1199),
(1267,3,1268),
(1268,3,1269),
(1269,3,1270),
(1270,3,1168),
(1271,1,950),
(1272,1,950),
(1273,1,950),
(1274,13,950),
(1275,13,1276),
(1276,13,1277),
(1277,13,1278),
(1278,13,1279),
(1279,13,1280),
(1280,13,1281),
(1281,3,951),
(1282,3,948),
(1283,3,1284),
(1284,3,1285),
(1285,3,929),
(1286,3,930),
(1287,3,1202),
(1288,3,787),
(1289,3,1290),
(1290,3,1291),
(1291,3,1164),
(1292,3,1193),
(1293,3,1294),
(1294,3,1295),
(1295,3,951),
(1296,3,948),
(1297,3,1284),
(1298,3,1285),
(1299,3,929),
(1300,3,930),
(1301,3,1202),
(1302,3,787),
(1303,3,1290),
(1304,3,1291),
(1305,3,1306),
(1306,3,1164),
(1307,3,1193),
(1308,3,1294),
(1309,3,1295),
(1310,1,844),
(1311,1,1117),
(1312,1,1313),
(1313,1,1314),
(1314,1,291),
(1315,1,359),
(1316,1,1317),
(1317,1,1318),
(1318,1,1319),
(1319,1,1320),
(1320,1,1321),
(1321,1,1322),
(1322,1,1323),
(1323,1,1324),
(1324,1,1325),
(1325,1,1326),
(1326,1,1327),
(1327,1,1328),
(1328,1,1329),
(1329,1,1330),
(1330,1,1331),
(1331,1,1332),
(1332,1,1333),
(1333,1,1334),
(1334,1,1335),
(1335,1,1336),
(1336,1,1337),
(1337,1,1338),
(1338,1,1339),
(1339,1,1340),
(1340,1,1341),
(1341,1,1342),
(1342,1,1343),
(1343,1,1344),
(1344,1,1345),
(1345,1,1346),
(1346,1,1347),
(1347,1,1348),
(1349,1,1350),
(1350,1,1351),
(1351,1,1352),
(1352,1,1094),
(1353,1,1354),
(1354,1,1355),
(1355,1,1356),
(1356,1,1357),
(1357,1,1358),
(1358,1,1359),
(1359,1,1094),
(1360,1,1361),
(1361,1,1362),
(1362,1,1363),
(1363,1,1364),
(1364,1,1365),
(1365,1,1366),
(1366,1,1367),
(1367,1,1368),
(1368,1,1369),
(1369,1,1370),
(1370,1,1371),
(1371,1,1372),
(1372,1,1373),
(1373,1,1374),
(1374,1,1375),
(1375,1,1376),
(1376,1,1377),
(1377,1,1378),
(1378,1,1379),
(1379,1,1380),
(1380,1,1381),
(1381,1,1382),
(1382,1,1383),
(1383,1,1384),
(1384,1,1385),
(1385,1,1386),
(1386,1,1387),
(1387,1,1388),
(1388,1,1389),
(1391,1,1098),
(1392,1,1362),
(1394,1,1395),
(1395,1,1098),
(1396,1,1362),
(1397,1,1398),
(1407,1,1408),
(1408,1,1409),
(1409,1,1410),
(1410,1,1408),
(1411,1,1409),
(1412,1,1174),
(1413,1,1174),
(1414,1,1174);
/*!40000 ALTER TABLE `users_chats` ENABLE KEYS */;
UNLOCK TABLES;

--
-- Table structure for table `users_keywords`
--

DROP TABLE IF EXISTS `users_keywords`;
/*!40101 SET @saved_cs_client     = @@character_set_client */;
/*!40101 SET character_set_client = utf8 */;
CREATE TABLE `users_keywords` (
  `id` int(11) NOT NULL AUTO_INCREMENT,
  `user_id` int(11) NOT NULL,
  `keyword_id` int(11) NOT NULL,
  PRIMARY KEY (`id`),
  KEY `keyword_id` (`keyword_id`) USING BTREE,
  KEY `users_keywords_ibfk_1` (`user_id`),
  CONSTRAINT `users_keywords_ibfk_1` FOREIGN KEY (`user_id`) REFERENCES `users` (`id`),
  CONSTRAINT `users_keywords_ibfk_2` FOREIGN KEY (`keyword_id`) REFERENCES `keywords` (`id`)
) ENGINE=InnoDB AUTO_INCREMENT=218 DEFAULT CHARSET=utf8mb4 COLLATE=utf8mb4_unicode_ci;
/*!40101 SET character_set_client = @saved_cs_client */;

--
-- Dumping data for table `users_keywords`
--

LOCK TABLES `users_keywords` WRITE;
/*!40000 ALTER TABLE `users_keywords` DISABLE KEYS */;
INSERT INTO `users_keywords` VALUES
(46,3,46),
(74,24,74),
(75,24,75),
(76,24,76),
(77,24,77),
(99,13,99),
(101,13,101),
(102,13,102),
(103,13,81),
(107,13,21),
(108,13,40),
(109,13,109),
(110,13,110),
(111,13,111),
(113,13,80),
(114,13,114),
(115,13,41),
(116,13,116),
(117,13,117),
(118,13,118),
(119,13,119),
(120,13,25),
(121,13,121),
(123,13,123),
(124,13,85),
(125,13,125),
(126,13,27),
(127,13,127),
(129,13,129),
(130,13,130),
(131,13,131),
(132,13,132),
(133,13,133),
(134,13,134),
(135,13,135),
(136,13,136),
(137,13,137),
(138,13,138),
(139,13,139),
(140,13,140),
(141,13,141),
(142,13,142),
(143,13,143),
(144,13,144),
(145,13,145),
(146,13,146),
(147,13,147),
(148,13,148),
(149,13,149),
(150,13,150),
(151,13,151),
(152,13,152),
(153,13,153),
(154,13,154),
(155,13,155),
(156,13,156),
(157,13,157),
(158,13,158),
(159,13,159),
(160,13,160),
(161,13,161),
(162,13,162),
(164,13,164),
(165,13,165),
(166,13,166),
(167,13,167),
(168,13,168),
(169,13,169),
(170,13,170),
(174,13,83),
(177,13,90),
(179,13,179),
(180,13,180),
(181,13,181),
(182,13,86),
(183,13,88),
(184,13,89),
(185,13,185),
(186,13,186),
(187,13,187),
(188,13,188),
(203,3,196),
(207,1,200),
(209,3,202),
(210,3,203),
(211,3,204),
(212,3,205),
(213,3,206),
(214,1,12),
(215,1,201),
(216,60,209),
(217,60,210);
/*!40000 ALTER TABLE `users_keywords` ENABLE KEYS */;
UNLOCK TABLES;

--
-- Table structure for table `users_unex_words`
--

DROP TABLE IF EXISTS `users_unex_words`;
/*!40101 SET @saved_cs_client     = @@character_set_client */;
/*!40101 SET character_set_client = utf8 */;
CREATE TABLE `users_unex_words` (
  `id` int(11) NOT NULL AUTO_INCREMENT,
  `user_id` int(11) NOT NULL,
  `unex_word_id` int(11) NOT NULL,
  PRIMARY KEY (`id`),
  KEY `user_id` (`user_id`),
  KEY `unex_word_id` (`unex_word_id`) USING BTREE,
  CONSTRAINT `users_unex_words_ibfk_1` FOREIGN KEY (`user_id`) REFERENCES `users` (`id`),
  CONSTRAINT `users_unex_words_ibfk_2` FOREIGN KEY (`unex_word_id`) REFERENCES `unex_words` (`id`)
) ENGINE=InnoDB AUTO_INCREMENT=67 DEFAULT CHARSET=utf8mb4 COLLATE=utf8mb4_unicode_ci;
/*!40101 SET character_set_client = @saved_cs_client */;

--
-- Dumping data for table `users_unex_words`
--

LOCK TABLES `users_unex_words` WRITE;
/*!40000 ALTER TABLE `users_unex_words` DISABLE KEYS */;
INSERT INTO `users_unex_words` VALUES
(5,3,4),
(6,3,3),
(7,3,2),
(8,13,8),
(9,13,9),
(10,13,10),
(11,1,11),
(12,1,12),
(14,3,14),
(15,3,15),
(16,3,16),
(18,3,18),
(20,13,20),
(21,13,21),
(22,13,22),
(23,13,23),
(24,13,24),
(25,13,25),
(26,13,26),
(27,13,27),
(28,13,28),
(29,13,29),
(30,13,30),
(31,13,31),
(32,13,32),
(33,3,33),
(34,3,34),
(35,13,35),
(36,1,36),
(37,1,37),
(38,1,38),
(39,1,39),
(41,1,41),
(45,1,45),
(46,13,46),
(47,13,47),
(49,13,49),
(50,13,46),
(52,13,52),
(53,13,18),
(54,13,54),
(55,13,32),
(56,13,56),
(57,13,57),
(58,13,58),
(59,13,59),
(60,13,60),
(61,13,61),
(62,13,62),
(63,13,32),
(64,13,64),
(65,13,65),
(66,13,66);
/*!40000 ALTER TABLE `users_unex_words` ENABLE KEYS */;
UNLOCK TABLES;
/*!40103 SET TIME_ZONE=@OLD_TIME_ZONE */;

/*!40101 SET SQL_MODE=@OLD_SQL_MODE */;
/*!40014 SET FOREIGN_KEY_CHECKS=@OLD_FOREIGN_KEY_CHECKS */;
/*!40014 SET UNIQUE_CHECKS=@OLD_UNIQUE_CHECKS */;
/*!40101 SET CHARACTER_SET_CLIENT=@OLD_CHARACTER_SET_CLIENT */;
/*!40101 SET CHARACTER_SET_RESULTS=@OLD_CHARACTER_SET_RESULTS */;
/*!40101 SET COLLATION_CONNECTION=@OLD_COLLATION_CONNECTION */;
/*!40111 SET SQL_NOTES=@OLD_SQL_NOTES */;

-- Dump completed on 2023-01-16 15:29:41
